[NX Daemon Server] - 2024-08-01T13:08:21.673Z - Started listening on: \\.\pipe\nx\C:\Users\Valentin\AppData\Local\Temp\a7399597de8543c71d94\d.sock
[NX Daemon Server] - 2024-08-01T13:08:21.698Z - [WATCHER]: Subscribed to changes within: C:\Users\Valentin\Documents\monorepo-front (native)
[NX Daemon Server] - 2024-08-01T13:08:21.702Z - Established a connection. Number of open connections: 1
[NX Daemon Server] - 2024-08-01T13:08:21.704Z - Established a connection. Number of open connections: 2
[NX Daemon Server] - 2024-08-01T13:08:21.705Z - Established a connection. Number of open connections: 3
[NX Daemon Server] - 2024-08-01T13:08:21.709Z - Closed a connection. Number of open connections: 2
[NX Daemon Server] - 2024-08-01T13:08:21.710Z - Closed a connection. Number of open connections: 1
[NX Daemon Server] - 2024-08-01T13:08:21.715Z - [REQUEST]: Client Request for Project Graph Received
[NX Daemon Server] - 2024-08-01T13:08:22.301Z - [REQUEST]: Updated workspace context based on watched changes, recomputing project graph...
[NX Daemon Server] - 2024-08-01T13:08:22.301Z - [REQUEST]: 
[NX Daemon Server] - 2024-08-01T13:08:22.301Z - [REQUEST]: 
[NX Daemon Server] - 2024-08-01T13:08:22.324Z - Time taken for 'loadNxPlugins' 571.6622998714447ms
[NX Daemon Server] - 2024-08-01T13:08:22.492Z - Time taken for 'build-project-configs' 66.78189992904663ms
[NX Daemon Server] - 2024-08-01T13:08:24.872Z - [REQUEST]: Responding to the client. project-graph
[NX Daemon Server] - 2024-08-01T13:08:24.875Z - Time taken for 'total for creating and serializing project graph' 3157.2242000102997ms
[NX Daemon Server] - 2024-08-01T13:08:24.877Z - Done responding to the client project-graph
[NX Daemon Server] - 2024-08-01T13:08:24.877Z - Handled REQUEST_PROJECT_GRAPH. Handling time: 3158. Response time: 5.
[NX Daemon Server] - 2024-08-01T13:08:24.923Z - [REQUEST]: Responding to the client. handleHashTasks
[NX Daemon Server] - 2024-08-01T13:08:24.924Z - Done responding to the client handleHashTasks
[NX Daemon Server] - 2024-08-01T13:08:24.924Z - Handled HASH_TASKS. Handling time: 32. Response time: 1.
[NX Daemon Server] - 2024-08-01T13:08:25.623Z - Established a connection. Number of open connections: 2
[NX Daemon Server] - 2024-08-01T13:08:25.623Z - Closed a connection. Number of open connections: 1
[NX Daemon Server] - 2024-08-01T13:08:25.624Z - Established a connection. Number of open connections: 2
[NX Daemon Server] - 2024-08-01T13:08:25.626Z - [REQUEST]: Client Request for Project Graph Received
[NX Daemon Server] - 2024-08-01T13:08:25.627Z - [REQUEST]: Responding to the client. project-graph
[NX Daemon Server] - 2024-08-01T13:08:25.629Z - Time taken for 'total for creating and serializing project graph' 0.5053000450134277ms
[NX Daemon Server] - 2024-08-01T13:08:25.630Z - Done responding to the client project-graph
[NX Daemon Server] - 2024-08-01T13:08:25.630Z - Handled REQUEST_PROJECT_GRAPH. Handling time: 1. Response time: 3.
[NX Daemon Server] - 2024-08-01T13:08:26.582Z - [WATCHER]: Processing file changes in outputs
[NX Daemon Server] - 2024-08-01T13:08:26.646Z - [WATCHER]: Processing file changes in outputs
[NX Daemon Server] - 2024-08-01T13:08:45.303Z - [WATCHER]: Processing file changes in outputs
[NX Daemon Server] - 2024-08-01T13:08:51.287Z - [WATCHER]: Processing file changes in outputs
[NX Daemon Server] - 2024-08-01T13:08:51.507Z - [WATCHER]: Processing file changes in outputs
[NX Daemon Server] - 2024-08-01T13:10:14.872Z - [WATCHER]: Processing file changes in outputs
[NX Daemon Server] - 2024-08-01T13:10:14.926Z - [WATCHER]: Processing file changes in outputs
[NX Daemon Server] - 2024-08-01T13:10:14.980Z - [WATCHER]: Processing file changes in outputs
[NX Daemon Server] - 2024-08-01T13:10:15.034Z - [WATCHER]: Processing file changes in outputs
[NX Daemon Server] - 2024-08-01T13:10:15.089Z - [WATCHER]: Processing file changes in outputs
[NX Daemon Server] - 2024-08-01T13:10:15.152Z - [WATCHER]: Processing file changes in outputs
[NX Daemon Server] - 2024-08-01T13:10:15.652Z - [WATCHER]: Processing file changes in outputs
[NX Daemon Server] - 2024-08-01T13:17:31.939Z - Closed a connection. Number of open connections: 1
[NX Daemon Server] - 2024-08-01T13:17:31.944Z - Closed a connection. Number of open connections: 0
[NX Daemon Server] - 2024-08-01T13:17:40.114Z - [WATCHER]: package-lock.json was modified
[NX Daemon Server] - 2024-08-01T13:17:40.116Z - [WATCHER]: Processing file changes in outputs
[NX Daemon Server] - 2024-08-01T13:17:40.231Z - [REQUEST]: Updated workspace context based on watched changes, recomputing project graph...
[NX Daemon Server] - 2024-08-01T13:17:40.231Z - [REQUEST]: package-lock.json
[NX Daemon Server] - 2024-08-01T13:17:40.231Z - [REQUEST]: 
[NX Daemon Server] - 2024-08-01T13:17:40.242Z - Time taken for 'hash changed files from watcher' 7.586999893188477ms
[NX Daemon Server] - 2024-08-01T13:17:40.314Z - Time taken for 'build-project-configs' 38.372600078582764ms
[NX Daemon Server] - 2024-08-01T13:17:40.412Z - Time taken for 'total execution time for createProjectGraph()' 89.36459994316101ms
[NX Daemon Server] - 2024-08-01T13:17:48.871Z - Established a connection. Number of open connections: 1
[NX Daemon Server] - 2024-08-01T13:17:48.871Z - Closed a connection. Number of open connections: 0
[NX Daemon Server] - 2024-08-01T13:17:48.872Z - Established a connection. Number of open connections: 1
[NX Daemon Server] - 2024-08-01T13:17:48.876Z - [REQUEST]: Client Request for Project Graph Received
[NX Daemon Server] - 2024-08-01T13:17:48.877Z - [REQUEST]: Responding to the client. project-graph
[NX Daemon Server] - 2024-08-01T13:17:48.880Z - Time taken for 'total for creating and serializing project graph' 0.853600025177002ms
[NX Daemon Server] - 2024-08-01T13:17:48.880Z - Done responding to the client project-graph
[NX Daemon Server] - 2024-08-01T13:17:48.881Z - Handled REQUEST_PROJECT_GRAPH. Handling time: 1. Response time: 4.
[NX Daemon Server] - 2024-08-01T13:17:48.918Z - [REQUEST]: Responding to the client. handleHashTasks
[NX Daemon Server] - 2024-08-01T13:17:48.920Z - Done responding to the client handleHashTasks
[NX Daemon Server] - 2024-08-01T13:17:48.920Z - Handled HASH_TASKS. Handling time: 23. Response time: 2.
[NX Daemon Server] - 2024-08-01T13:17:49.560Z - Established a connection. Number of open connections: 2
[NX Daemon Server] - 2024-08-01T13:17:49.561Z - Closed a connection. Number of open connections: 1
[NX Daemon Server] - 2024-08-01T13:17:49.561Z - Established a connection. Number of open connections: 2
[NX Daemon Server] - 2024-08-01T13:17:49.564Z - [REQUEST]: Client Request for Project Graph Received
[NX Daemon Server] - 2024-08-01T13:17:49.564Z - [REQUEST]: Responding to the client. project-graph
[NX Daemon Server] - 2024-08-01T13:17:49.567Z - Time taken for 'total for creating and serializing project graph' 0.4251999855041504ms
[NX Daemon Server] - 2024-08-01T13:17:49.567Z - Done responding to the client project-graph
[NX Daemon Server] - 2024-08-01T13:17:49.567Z - Handled REQUEST_PROJECT_GRAPH. Handling time: 0. Response time: 3.
[NX Daemon Server] - 2024-08-01T13:17:50.368Z - Closed a connection. Number of open connections: 1
[NX Daemon Server] - 2024-08-01T13:17:50.374Z - Closed a connection. Number of open connections: 0
[NX Daemon Server] - 2024-08-01T13:17:51.988Z - Established a connection. Number of open connections: 1
[NX Daemon Server] - 2024-08-01T13:17:51.988Z - Closed a connection. Number of open connections: 0
[NX Daemon Server] - 2024-08-01T13:17:51.989Z - Established a connection. Number of open connections: 1
[NX Daemon Server] - 2024-08-01T13:17:51.994Z - [REQUEST]: Client Request for Project Graph Received
[NX Daemon Server] - 2024-08-01T13:17:51.995Z - [REQUEST]: Responding to the client. project-graph
[NX Daemon Server] - 2024-08-01T13:17:51.998Z - Time taken for 'total for creating and serializing project graph' 1.0250000953674316ms
[NX Daemon Server] - 2024-08-01T13:17:51.999Z - Done responding to the client project-graph
[NX Daemon Server] - 2024-08-01T13:17:51.999Z - Handled REQUEST_PROJECT_GRAPH. Handling time: 1. Response time: 4.
[NX Daemon Server] - 2024-08-01T13:17:52.022Z - [REQUEST]: Responding to the client. handleHashTasks
[NX Daemon Server] - 2024-08-01T13:17:52.022Z - Done responding to the client handleHashTasks
[NX Daemon Server] - 2024-08-01T13:17:52.022Z - Handled HASH_TASKS. Handling time: 11. Response time: 0.
[NX Daemon Server] - 2024-08-01T13:17:52.609Z - Established a connection. Number of open connections: 2
[NX Daemon Server] - 2024-08-01T13:17:52.610Z - Closed a connection. Number of open connections: 1
[NX Daemon Server] - 2024-08-01T13:17:52.610Z - Established a connection. Number of open connections: 2
[NX Daemon Server] - 2024-08-01T13:17:52.612Z - [REQUEST]: Client Request for Project Graph Received
[NX Daemon Server] - 2024-08-01T13:17:52.612Z - [REQUEST]: Responding to the client. project-graph
[NX Daemon Server] - 2024-08-01T13:17:52.615Z - Time taken for 'total for creating and serializing project graph' 0.37150001525878906ms
[NX Daemon Server] - 2024-08-01T13:17:52.615Z - Done responding to the client project-graph
[NX Daemon Server] - 2024-08-01T13:17:52.615Z - Handled REQUEST_PROJECT_GRAPH. Handling time: 0. Response time: 3.
[NX Daemon Server] - 2024-08-01T13:18:08.663Z - [WATCHER]: Processing file changes in outputs
[NX Daemon Server] - 2024-08-01T13:29:37.931Z - Closed a connection. Number of open connections: 1
[NX Daemon Server] - 2024-08-01T13:29:37.935Z - Closed a connection. Number of open connections: 0
[NX Daemon Server] - 2024-08-01T13:29:50.103Z - Established a connection. Number of open connections: 1
[NX Daemon Server] - 2024-08-01T13:29:50.104Z - Closed a connection. Number of open connections: 0
[NX Daemon Server] - 2024-08-01T13:29:50.104Z - Established a connection. Number of open connections: 1
[NX Daemon Server] - 2024-08-01T13:29:50.120Z - [REQUEST]: Client Request for Project Graph Received
[NX Daemon Server] - 2024-08-01T13:29:50.122Z - [REQUEST]: Responding to the client. project-graph
[NX Daemon Server] - 2024-08-01T13:29:50.128Z - Time taken for 'total for creating and serializing project graph' 2.7446000576019287ms
[NX Daemon Server] - 2024-08-01T13:29:50.128Z - Done responding to the client project-graph
[NX Daemon Server] - 2024-08-01T13:29:50.129Z - Handled REQUEST_PROJECT_GRAPH. Handling time: 3. Response time: 8.
[NX Daemon Server] - 2024-08-01T13:29:50.161Z - [REQUEST]: Responding to the client. handleHashTasks
[NX Daemon Server] - 2024-08-01T13:29:50.162Z - Done responding to the client handleHashTasks
[NX Daemon Server] - 2024-08-01T13:29:50.162Z - Handled HASH_TASKS. Handling time: 18. Response time: 1.
[NX Daemon Server] - 2024-08-01T13:29:50.773Z - Established a connection. Number of open connections: 2
[NX Daemon Server] - 2024-08-01T13:29:50.773Z - Closed a connection. Number of open connections: 1
[NX Daemon Server] - 2024-08-01T13:29:50.774Z - Established a connection. Number of open connections: 2
[NX Daemon Server] - 2024-08-01T13:29:50.775Z - [REQUEST]: Client Request for Project Graph Received
[NX Daemon Server] - 2024-08-01T13:29:50.776Z - [REQUEST]: Responding to the client. project-graph
[NX Daemon Server] - 2024-08-01T13:29:50.778Z - Time taken for 'total for creating and serializing project graph' 0.5191998481750488ms
[NX Daemon Server] - 2024-08-01T13:29:50.779Z - Done responding to the client project-graph
[NX Daemon Server] - 2024-08-01T13:29:50.779Z - Handled REQUEST_PROJECT_GRAPH. Handling time: 1. Response time: 3.
[NX Daemon Server] - 2024-08-01T13:30:07.810Z - [WATCHER]: Processing file changes in outputs
[NX Daemon Server] - 2024-08-01T13:31:27.262Z - [WATCHER]: Processing file changes in outputs
[NX Daemon Server] - 2024-08-01T13:31:27.264Z - [WATCHER]: package.json was modified
[NX Daemon Server] - 2024-08-01T13:31:27.378Z - [REQUEST]: Updated workspace context based on watched changes, recomputing project graph...
[NX Daemon Server] - 2024-08-01T13:31:27.378Z - [REQUEST]: package.json
[NX Daemon Server] - 2024-08-01T13:31:27.378Z - [REQUEST]: 
[NX Daemon Server] - 2024-08-01T13:31:27.396Z - Time taken for 'hash changed files from watcher' 7.641200065612793ms
[NX Daemon Server] - 2024-08-01T13:31:27.576Z - Time taken for 'build-project-configs' 110.3940999507904ms
[NX Daemon Server] - 2024-08-01T13:31:27.699Z - Time taken for 'total execution time for createProjectGraph()' 115.48020005226135ms
[NX Daemon Server] - 2024-08-01T13:31:36.440Z - [WATCHER]: Processing file changes in outputs
[NX Daemon Server] - 2024-08-01T13:31:55.211Z - Closed a connection. Number of open connections: 1
[NX Daemon Server] - 2024-08-01T13:31:55.290Z - [REQUEST]: Responding to the client. recordOutputsHash
[NX Daemon Server] - 2024-08-01T13:31:55.290Z - Done responding to the client recordOutputsHash
[NX Daemon Server] - 2024-08-01T13:31:55.290Z - Handled RECORD_OUTPUTS_HASH. Handling time: 1. Response time: 0.
[NX Daemon Server] - 2024-08-01T13:31:55.300Z - [REQUEST]: Responding to the client. handleWriteTaskRunsToHistory
[NX Daemon Server] - 2024-08-01T13:31:55.300Z - Done responding to the client handleWriteTaskRunsToHistory
[NX Daemon Server] - 2024-08-01T13:31:55.300Z - Handled WRITE_TASK_RUNS_TO_HISTORY. Handling time: 3. Response time: 0.
[NX Daemon Server] - 2024-08-01T13:31:55.302Z - [REQUEST]: Responding to the client. handleGetTaskHistoryForHashes
[NX Daemon Server] - 2024-08-01T13:31:55.302Z - Done responding to the client handleGetTaskHistoryForHashes
[NX Daemon Server] - 2024-08-01T13:31:55.302Z - Handled GET_TASK_HISTORY_FOR_HASHES. Handling time: 0. Response time: 0.
[NX Daemon Server] - 2024-08-01T13:31:55.306Z - Closed a connection. Number of open connections: 0
[NX Daemon Server] - 2024-08-01T13:34:35.149Z - Started listening on: \\.\pipe\nx\C:\Users\Valentin\AppData\Local\Temp\a7399597de8543c71d94\d.sock
[NX Daemon Server] - 2024-08-01T13:34:35.155Z - [WATCHER]: Subscribed to changes within: C:\Users\Valentin\Documents\monorepo-front (native)
[NX Daemon Server] - 2024-08-01T13:34:35.157Z - Established a connection. Number of open connections: 1
[NX Daemon Server] - 2024-08-01T13:34:35.160Z - Established a connection. Number of open connections: 2
[NX Daemon Server] - 2024-08-01T13:34:35.164Z - Closed a connection. Number of open connections: 1
[NX Daemon Server] - 2024-08-01T13:34:35.289Z - [REQUEST]: Responding to the client. handleGlob
[NX Daemon Server] - 2024-08-01T13:34:35.290Z - Done responding to the client handleGlob
[NX Daemon Server] - 2024-08-01T13:34:35.290Z - Handled GLOB. Handling time: 122. Response time: 1.
[NX Daemon Server] - 2024-08-01T13:34:35.368Z - [REQUEST]: Responding to the client. handleNxWorkspaceFiles
[NX Daemon Server] - 2024-08-01T13:34:35.372Z - Done responding to the client handleNxWorkspaceFiles
[NX Daemon Server] - 2024-08-01T13:34:35.372Z - Handled GET_NX_WORKSPACE_FILES. Handling time: 28. Response time: 4.
[NX Daemon Server] - 2024-08-01T13:34:35.545Z - Closed a connection. Number of open connections: 0
[NX Daemon Server] - 2024-08-01T13:34:36.386Z - [WATCHER]: Processing file changes in outputs
[NX Daemon Server] - 2024-08-01T13:35:14.354Z - Established a connection. Number of open connections: 1
[NX Daemon Server] - 2024-08-01T13:35:14.355Z - Closed a connection. Number of open connections: 0
[NX Daemon Server] - 2024-08-01T13:35:14.355Z - Established a connection. Number of open connections: 1
[NX Daemon Server] - 2024-08-01T13:35:14.361Z - [REQUEST]: Client Request for Project Graph Received
[NX Daemon Server] - 2024-08-01T13:35:14.704Z - [REQUEST]: Updated workspace context based on watched changes, recomputing project graph...
[NX Daemon Server] - 2024-08-01T13:35:14.705Z - [REQUEST]: 
[NX Daemon Server] - 2024-08-01T13:35:14.705Z - [REQUEST]: 
[NX Daemon Server] - 2024-08-01T13:35:14.719Z - Time taken for 'loadNxPlugins' 336.8533000946045ms
[NX Daemon Server] - 2024-08-01T13:35:14.799Z - Time taken for 'build-project-configs' 32.36489987373352ms
[NX Daemon Server] - 2024-08-01T13:35:14.858Z - [REQUEST]: Responding to the client. project-graph
[NX Daemon Server] - 2024-08-01T13:35:14.860Z - Time taken for 'total for creating and serializing project graph' 496.59130001068115ms
[NX Daemon Server] - 2024-08-01T13:35:14.861Z - Done responding to the client project-graph
[NX Daemon Server] - 2024-08-01T13:35:14.861Z - Handled REQUEST_PROJECT_GRAPH. Handling time: 497. Response time: 3.
[NX Daemon Server] - 2024-08-01T13:35:14.896Z - [REQUEST]: Responding to the client. handleHashTasks
[NX Daemon Server] - 2024-08-01T13:35:14.896Z - Done responding to the client handleHashTasks
[NX Daemon Server] - 2024-08-01T13:35:14.896Z - Handled HASH_TASKS. Handling time: 20. Response time: 0.
[NX Daemon Server] - 2024-08-01T13:35:15.393Z - Established a connection. Number of open connections: 2
[NX Daemon Server] - 2024-08-01T13:35:15.393Z - Closed a connection. Number of open connections: 1
[NX Daemon Server] - 2024-08-01T13:35:15.394Z - Established a connection. Number of open connections: 2
[NX Daemon Server] - 2024-08-01T13:35:15.396Z - [REQUEST]: Client Request for Project Graph Received
[NX Daemon Server] - 2024-08-01T13:35:15.396Z - [REQUEST]: Responding to the client. project-graph
[NX Daemon Server] - 2024-08-01T13:35:15.398Z - Time taken for 'total for creating and serializing project graph' 0.315000057220459ms
[NX Daemon Server] - 2024-08-01T13:35:15.398Z - Done responding to the client project-graph
[NX Daemon Server] - 2024-08-01T13:35:15.398Z - Handled REQUEST_PROJECT_GRAPH. Handling time: 0. Response time: 2.
[NX Daemon Server] - 2024-08-01T13:35:32.261Z - [WATCHER]: Processing file changes in outputs
[NX Daemon Server] - 2024-08-01T13:36:10.858Z - Closed a connection. Number of open connections: 1
[NX Daemon Server] - 2024-08-01T13:36:10.860Z - Closed a connection. Number of open connections: 0
[NX Daemon Server] - 2024-08-01T13:37:21.476Z - [WATCHER]: Processing file changes in outputs
[NX Daemon Server] - 2024-08-01T13:37:21.476Z - [WATCHER]: Stopping the watcher for C:\Users\Valentin\Documents\monorepo-front (sources)
[NX Daemon Server] - 2024-08-01T13:37:21.476Z - [WATCHER]: Stopping the watcher for C:\Users\Valentin\Documents\monorepo-front (outputs)
[NX Daemon Server] - 2024-08-01T13:37:21.476Z - Server stopped because: "LOCK_FILES_CHANGED"
[NX Daemon Server] - 2024-08-01T13:37:37.689Z - Started listening on: \\.\pipe\nx\C:\Users\Valentin\AppData\Local\Temp\a7399597de8543c71d94\d.sock
[NX Daemon Server] - 2024-08-01T13:37:37.695Z - [WATCHER]: Subscribed to changes within: C:\Users\Valentin\Documents\monorepo-front (native)
[NX Daemon Server] - 2024-08-01T13:37:37.727Z - Established a connection. Number of open connections: 1
[NX Daemon Server] - 2024-08-01T13:37:37.737Z - Closed a connection. Number of open connections: 0
[NX Daemon Server] - 2024-08-01T13:37:37.738Z - Established a connection. Number of open connections: 1
[NX Daemon Server] - 2024-08-01T13:37:37.747Z - [REQUEST]: Client Request for Project Graph Received
[NX Daemon Server] - 2024-08-01T13:37:38.427Z - [REQUEST]: Updated workspace context based on watched changes, recomputing project graph...
[NX Daemon Server] - 2024-08-01T13:37:38.427Z - [REQUEST]: 
[NX Daemon Server] - 2024-08-01T13:37:38.427Z - [REQUEST]: 
[NX Daemon Server] - 2024-08-01T13:37:38.458Z - Time taken for 'loadNxPlugins' 666.7606000900269ms
[NX Daemon Server] - 2024-08-01T13:37:38.664Z - Time taken for 'build-project-configs' 97.2056999206543ms
[NX Daemon Server] - 2024-08-01T13:37:38.974Z - [REQUEST]: Responding to the client. project-graph
[NX Daemon Server] - 2024-08-01T13:37:38.978Z - Time taken for 'total for creating and serializing project graph' 1227.3258001804352ms
[NX Daemon Server] - 2024-08-01T13:37:38.978Z - Done responding to the client project-graph
[NX Daemon Server] - 2024-08-01T13:37:38.979Z - Handled REQUEST_PROJECT_GRAPH. Handling time: 1228. Response time: 5.
[NX Daemon Server] - 2024-08-01T13:37:39.055Z - [REQUEST]: Responding to the client. handleHashTasks
[NX Daemon Server] - 2024-08-01T13:37:39.055Z - Done responding to the client handleHashTasks
[NX Daemon Server] - 2024-08-01T13:37:39.055Z - Handled HASH_TASKS. Handling time: 49. Response time: 0.
[NX Daemon Server] - 2024-08-01T13:37:40.137Z - Established a connection. Number of open connections: 2
[NX Daemon Server] - 2024-08-01T13:37:40.138Z - Closed a connection. Number of open connections: 1
[NX Daemon Server] - 2024-08-01T13:37:40.139Z - Established a connection. Number of open connections: 2
[NX Daemon Server] - 2024-08-01T13:37:40.144Z - [REQUEST]: Client Request for Project Graph Received
[NX Daemon Server] - 2024-08-01T13:37:40.145Z - [REQUEST]: Responding to the client. project-graph
[NX Daemon Server] - 2024-08-01T13:37:40.148Z - Time taken for 'total for creating and serializing project graph' 0.6590001583099365ms
[NX Daemon Server] - 2024-08-01T13:37:40.149Z - Done responding to the client project-graph
[NX Daemon Server] - 2024-08-01T13:37:40.149Z - Handled REQUEST_PROJECT_GRAPH. Handling time: 1. Response time: 4.
[NX Daemon Server] - 2024-08-01T13:38:04.043Z - [WATCHER]: Processing file changes in outputs
[NX Daemon Server] - 2024-08-01T13:38:10.416Z - [WATCHER]: Processing file changes in outputs
[NX Daemon Server] - 2024-08-01T13:38:10.624Z - [WATCHER]: Processing file changes in outputs
[NX Daemon Server] - 2024-08-01T13:38:11.423Z - [WATCHER]: Processing file changes in outputs
[NX Daemon Server] - 2024-08-01T13:38:12.327Z - [WATCHER]: Processing file changes in outputs
[NX Daemon Server] - 2024-08-01T13:38:12.572Z - [WATCHER]: Processing file changes in outputs
[NX Daemon Server] - 2024-08-01T13:39:03.729Z - [WATCHER]: Processing file changes in outputs
[NX Daemon Server] - 2024-08-01T13:39:03.785Z - [WATCHER]: Processing file changes in outputs
[NX Daemon Server] - 2024-08-01T13:39:03.836Z - [WATCHER]: Processing file changes in outputs
[NX Daemon Server] - 2024-08-01T13:39:03.888Z - [WATCHER]: Processing file changes in outputs
[NX Daemon Server] - 2024-08-01T13:39:03.943Z - [WATCHER]: Processing file changes in outputs
[NX Daemon Server] - 2024-08-01T13:39:03.998Z - [WATCHER]: Processing file changes in outputs
[NX Daemon Server] - 2024-08-01T13:39:04.050Z - [WATCHER]: Processing file changes in outputs
[NX Daemon Server] - 2024-08-01T13:39:04.116Z - [WATCHER]: Processing file changes in outputs
[NX Daemon Server] - 2024-08-01T13:39:04.518Z - [WATCHER]: Processing file changes in outputs
[NX Daemon Server] - 2024-08-01T13:54:23.845Z - [WATCHER]: Processing file changes in outputs
[NX Daemon Server] - 2024-08-01T13:54:23.908Z - [WATCHER]: Stopping the watcher for C:\Users\Valentin\Documents\monorepo-front (sources)
[NX Daemon Server] - 2024-08-01T13:54:23.908Z - [WATCHER]: Stopping the watcher for C:\Users\Valentin\Documents\monorepo-front (outputs)
[NX Daemon Server] - 2024-08-01T13:54:23.909Z - Server stopped because: "LOCK_FILES_CHANGED"
[NX Daemon Server] - 2024-08-01T14:05:21.431Z - Started listening on: \\.\pipe\nx\C:\Users\Valentin\AppData\Local\Temp\a7399597de8543c71d94\d.sock
[NX Daemon Server] - 2024-08-01T14:05:21.442Z - [WATCHER]: Subscribed to changes within: C:\Users\Valentin\Documents\monorepo-front (native)
[NX Daemon Server] - 2024-08-01T14:05:21.452Z - Established a connection. Number of open connections: 1
[NX Daemon Server] - 2024-08-01T14:05:21.459Z - Closed a connection. Number of open connections: 0
[NX Daemon Server] - 2024-08-01T14:05:21.460Z - Established a connection. Number of open connections: 1
[NX Daemon Server] - 2024-08-01T14:05:21.721Z - [REQUEST]: Responding to the client. handleGlob
[NX Daemon Server] - 2024-08-01T14:05:21.726Z - Done responding to the client handleGlob
[NX Daemon Server] - 2024-08-01T14:05:21.726Z - Handled GLOB. Handling time: 258. Response time: 5.
[NX Daemon Server] - 2024-08-01T14:05:21.867Z - [REQUEST]: Responding to the client. handleNxWorkspaceFiles
[NX Daemon Server] - 2024-08-01T14:05:21.872Z - Done responding to the client handleNxWorkspaceFiles
[NX Daemon Server] - 2024-08-01T14:05:21.872Z - Handled GET_NX_WORKSPACE_FILES. Handling time: 45. Response time: 5.
[NX Daemon Server] - 2024-08-01T14:05:22.040Z - Closed a connection. Number of open connections: 0
[NX Daemon Server] - 2024-08-01T14:05:23.647Z - [WATCHER]: Processing file changes in outputs
[NX Daemon Server] - 2024-08-01T14:06:52.962Z - Established a connection. Number of open connections: 1
[NX Daemon Server] - 2024-08-01T14:06:52.963Z - Closed a connection. Number of open connections: 0
[NX Daemon Server] - 2024-08-01T14:06:52.963Z - Established a connection. Number of open connections: 1
[NX Daemon Server] - 2024-08-01T14:06:52.968Z - [REQUEST]: Responding to the client with an error. Daemon outdated LOCK_FILES_CHANGED
Error: LOCK_FILES_CHANGED
    at handleMessage (C:\Users\Valentin\Documents\monorepo-front\node_modules\nx\src\daemon\server\server.js:78:88)
    at C:\Users\Valentin\Documents\monorepo-front\node_modules\nx\src\daemon\server\server.js:59:15
    at Socket.<anonymous> (C:\Users\Valentin\Documents\monorepo-front\node_modules\nx\src\utils\consume-messages-from-socket.js:13:17)
    at Socket.emit (node:events:513:28)
    at addChunk (node:internal/streams/readable:324:12)
    at readableAddChunk (node:internal/streams/readable:297:9)
    at Readable.push (node:internal/streams/readable:234:10)
    at Pipe.onStreamRead (node:internal/stream_base_commons:190:23)
[NX Daemon Server] - 2024-08-01T14:06:52.970Z - Done responding to the client null
[NX Daemon Server] - 2024-08-01T14:06:52.970Z - [REQUEST]: Client Request for Project Graph Received
[NX Daemon Server] - 2024-08-01T14:06:52.997Z - Closed a connection. Number of open connections: 0
[NX Daemon Server] - 2024-08-01T14:06:53.331Z - [REQUEST]: Updated workspace context based on watched changes, recomputing project graph...
[NX Daemon Server] - 2024-08-01T14:06:53.331Z - [REQUEST]: 
[NX Daemon Server] - 2024-08-01T14:06:53.331Z - [REQUEST]: 
[NX Daemon Server] - 2024-08-01T14:06:53.353Z - Time taken for 'loadNxPlugins' 351.824599981308ms
[NX Daemon Server] - 2024-08-01T14:06:53.420Z - Time taken for 'build-project-configs' 25.312900066375732ms
[NX Daemon Server] - 2024-08-01T14:06:53.444Z - [REQUEST]: Responding to the client. project-graph
Error: This socket has been ended by the other party
    at Socket.writeAfterFIN [as write] (node:net:541:14)
    at C:\Users\Valentin\Documents\monorepo-front\node_modules\nx\src\daemon\server\shutdown-utils.js:64:16
    at new Promise (<anonymous>)
    at respondToClient (C:\Users\Valentin\Documents\monorepo-front\node_modules\nx\src\daemon\server\shutdown-utils.js:60:12)
    at handleResult (C:\Users\Valentin\Documents\monorepo-front\node_modules\nx\src\daemon\server\server.js:146:52)
    at process.processTicksAndRejections (node:internal/process/task_queues:95:5)
    at async handleMessage (C:\Users\Valentin\Documents\monorepo-front\node_modules\nx\src\daemon\server\server.js:93:9)
    at async C:\Users\Valentin\Documents\monorepo-front\node_modules\nx\src\daemon\server\server.js:59:9 {
  code: 'EPIPE'
}
[NX Daemon Server] - 2024-08-01T14:06:53.446Z - Done responding to the client project-graph
[NX Daemon Server] - 2024-08-01T14:06:53.446Z - Handled REQUEST_PROJECT_GRAPH. Handling time: 474. Response time: 2.
[NX Daemon Server] - 2024-08-01T14:06:53.446Z - Time taken for 'total for creating and serializing project graph' 474.2835998535156ms
[NX Daemon Server] - 2024-08-01T14:07:04.119Z - Established a connection. Number of open connections: 1
[NX Daemon Server] - 2024-08-01T14:07:04.120Z - Closed a connection. Number of open connections: 0
[NX Daemon Server] - 2024-08-01T14:07:04.121Z - Established a connection. Number of open connections: 1
[NX Daemon Server] - 2024-08-01T14:07:04.126Z - [REQUEST]: Client Request for Project Graph Received
[NX Daemon Server] - 2024-08-01T14:07:04.127Z - [REQUEST]: Responding to the client. project-graph
[NX Daemon Server] - 2024-08-01T14:07:04.128Z - Time taken for 'total for creating and serializing project graph' 0.8780999183654785ms
[NX Daemon Server] - 2024-08-01T14:07:04.130Z - Done responding to the client project-graph
[NX Daemon Server] - 2024-08-01T14:07:04.130Z - Handled REQUEST_PROJECT_GRAPH. Handling time: 1. Response time: 3.
[NX Daemon Server] - 2024-08-01T14:07:04.169Z - [REQUEST]: Responding to the client. handleHashTasks
[NX Daemon Server] - 2024-08-01T14:07:04.169Z - Done responding to the client handleHashTasks
[NX Daemon Server] - 2024-08-01T14:07:04.169Z - Handled HASH_TASKS. Handling time: 28. Response time: 0.
[NX Daemon Server] - 2024-08-01T14:07:04.673Z - Established a connection. Number of open connections: 2
[NX Daemon Server] - 2024-08-01T14:07:04.674Z - Closed a connection. Number of open connections: 1
[NX Daemon Server] - 2024-08-01T14:07:04.675Z - Established a connection. Number of open connections: 2
[NX Daemon Server] - 2024-08-01T14:07:04.679Z - [REQUEST]: Client Request for Project Graph Received
[NX Daemon Server] - 2024-08-01T14:07:04.680Z - [REQUEST]: Responding to the client. project-graph
[NX Daemon Server] - 2024-08-01T14:07:04.680Z - Time taken for 'total for creating and serializing project graph' 0.5708000659942627ms
[NX Daemon Server] - 2024-08-01T14:07:04.680Z - Done responding to the client project-graph
[NX Daemon Server] - 2024-08-01T14:07:04.681Z - Handled REQUEST_PROJECT_GRAPH. Handling time: 1. Response time: 1.
[NX Daemon Server] - 2024-08-01T14:07:23.157Z - [WATCHER]: Processing file changes in outputs
[NX Daemon Server] - 2024-08-01T14:07:28.566Z - [WATCHER]: Processing file changes in outputs
[NX Daemon Server] - 2024-08-01T14:07:28.760Z - [WATCHER]: Processing file changes in outputs
[NX Daemon Server] - 2024-08-01T14:07:28.991Z - [WATCHER]: Processing file changes in outputs
[NX Daemon Server] - 2024-08-01T14:07:29.069Z - [WATCHER]: Processing file changes in outputs
[NX Daemon Server] - 2024-08-01T14:07:34.750Z - [WATCHER]: Processing file changes in outputs
[NX Daemon Server] - 2024-08-01T14:08:07.649Z - [WATCHER]: Processing file changes in outputs
[NX Daemon Server] - 2024-08-01T14:08:07.701Z - [WATCHER]: Processing file changes in outputs
[NX Daemon Server] - 2024-08-01T14:08:07.751Z - [WATCHER]: Processing file changes in outputs
[NX Daemon Server] - 2024-08-01T14:08:07.808Z - [WATCHER]: Processing file changes in outputs
[NX Daemon Server] - 2024-08-01T14:08:07.996Z - [WATCHER]: Processing file changes in outputs
[NX Daemon Server] - 2024-08-01T14:08:08.298Z - [WATCHER]: Processing file changes in outputs
[NX Daemon Server] - 2024-08-01T14:08:08.353Z - [WATCHER]: Processing file changes in outputs
[NX Daemon Server] - 2024-08-01T14:08:08.443Z - [WATCHER]: Processing file changes in outputs
[NX Daemon Server] - 2024-08-01T14:08:08.497Z - [WATCHER]: Processing file changes in outputs
[NX Daemon Server] - 2024-08-01T14:08:08.554Z - [WATCHER]: Processing file changes in outputs
[NX Daemon Server] - 2024-08-01T14:08:08.638Z - [WATCHER]: Processing file changes in outputs
[NX Daemon Server] - 2024-08-01T14:13:15.659Z - [WATCHER]: Processing file changes in outputs
[NX Daemon Server] - 2024-08-01T14:14:43.499Z - [WATCHER]: apps/ha-hub/src/assets/images/node-v22.5.1-x64.msi was deleted
[NX Daemon Server] - 2024-08-01T14:14:43.499Z - [WATCHER]: Processing file changes in outputs
[NX Daemon Server] - 2024-08-01T14:14:43.613Z - [REQUEST]: Updated workspace context based on watched changes, recomputing project graph...
[NX Daemon Server] - 2024-08-01T14:14:43.613Z - [REQUEST]: 
[NX Daemon Server] - 2024-08-01T14:14:43.613Z - [REQUEST]: apps/ha-hub/src/assets/images/node-v22.5.1-x64.msi
[NX Daemon Server] - 2024-08-01T14:14:43.628Z - Time taken for 'hash changed files from watcher' 11.563600063323975ms
[NX Daemon Server] - 2024-08-01T14:14:43.712Z - Time taken for 'build-project-configs' 24.19190001487732ms
[NX Daemon Server] - 2024-08-01T14:14:43.712Z - [WATCHER]: Processing file changes in outputs
[NX Daemon Server] - 2024-08-01T14:14:43.715Z - [WATCHER]: apps/ha-hub/src/assets/images/Unconfirmed 406705.crdownload was modified
[NX Daemon Server] - 2024-08-01T14:14:43.758Z - Time taken for 'total execution time for createProjectGraph()' 59.11179995536804ms
[NX Daemon Server] - 2024-08-01T14:14:43.979Z - [REQUEST]: Updated workspace context based on watched changes, recomputing project graph...
[NX Daemon Server] - 2024-08-01T14:14:43.980Z - [REQUEST]: apps/ha-hub/src/assets/images/Unconfirmed 406705.crdownload
[NX Daemon Server] - 2024-08-01T14:14:43.980Z - [REQUEST]: 
[NX Daemon Server] - 2024-08-01T14:14:44.009Z - Time taken for 'hash changed files from watcher' 48.368499994277954ms
[NX Daemon Server] - 2024-08-01T14:14:44.078Z - Time taken for 'build-project-configs' 21.973900079727173ms
[NX Daemon Server] - 2024-08-01T14:14:44.427Z - [WATCHER]: 1 file(s) created or restored, 0 file(s) modified, 1 file(s) deleted
[NX Daemon Server] - 2024-08-01T14:14:44.428Z - [WATCHER]: Processing file changes in outputs
[NX Daemon Server] - 2024-08-01T14:14:44.591Z - [REQUEST]: Updated workspace context based on watched changes, recomputing project graph...
[NX Daemon Server] - 2024-08-01T14:14:44.591Z - [REQUEST]: apps/ha-hub/src/assets/images/node-v22.5.1-x64.msi
[NX Daemon Server] - 2024-08-01T14:14:44.591Z - [REQUEST]: apps/ha-hub/src/assets/images/Unconfirmed 406705.crdownload
[NX Daemon Server] - 2024-08-01T14:14:44.605Z - [WATCHER]: Processing file changes in outputs
[NX Daemon Server] - 2024-08-01T14:14:44.607Z - [WATCHER]: apps/ha-hub/src/assets/images/node-v22.5.1-x64.msi was modified
[NX Daemon Server] - 2024-08-01T14:14:44.607Z - Time taken for 'hash changed files from watcher' 47.14330005645752ms
[NX Daemon Server] - 2024-08-01T14:14:44.855Z - [REQUEST]: Updated workspace context based on watched changes, recomputing project graph...
[NX Daemon Server] - 2024-08-01T14:14:44.855Z - [REQUEST]: apps/ha-hub/src/assets/images/node-v22.5.1-x64.msi
[NX Daemon Server] - 2024-08-01T14:14:44.855Z - [REQUEST]: apps/ha-hub/src/assets/images/Unconfirmed 406705.crdownload
[NX Daemon Server] - 2024-08-01T14:14:44.873Z - Time taken for 'hash changed files from watcher' 43.140000104904175ms
[NX Daemon Server] - 2024-08-01T14:14:50.100Z - Time taken for 'total execution time for createProjectGraph()' 6026.603499889374ms
[NX Daemon Server] - 2024-08-01T14:14:50.221Z - Time taken for 'build-project-configs' 5245.610300064087ms
[NX Daemon Server] - 2024-08-01T14:14:53.767Z - Time taken for 'total execution time for createProjectGraph()' 3561.8052999973297ms
[NX Daemon Server] - 2024-08-01T14:14:56.965Z - Time taken for 'total execution time for createProjectGraph()' 6759.446099996567ms
[NX Daemon Server] - 2024-08-01T14:15:13.113Z - Closed a connection. Number of open connections: 1
[NX Daemon Server] - 2024-08-01T14:15:13.113Z - Closed a connection. Number of open connections: 0
[NX Daemon Server] - 2024-08-01T14:16:06.479Z - Established a connection. Number of open connections: 1
[NX Daemon Server] - 2024-08-01T14:16:06.480Z - Closed a connection. Number of open connections: 0
[NX Daemon Server] - 2024-08-01T14:16:06.480Z - Established a connection. Number of open connections: 1
[NX Daemon Server] - 2024-08-01T14:16:06.484Z - [REQUEST]: Client Request for Project Graph Received
[NX Daemon Server] - 2024-08-01T14:16:06.485Z - [REQUEST]: Responding to the client. project-graph
[NX Daemon Server] - 2024-08-01T14:16:06.486Z - Time taken for 'total for creating and serializing project graph' 1.027899980545044ms
[NX Daemon Server] - 2024-08-01T14:16:06.486Z - Done responding to the client project-graph
[NX Daemon Server] - 2024-08-01T14:16:06.486Z - Handled REQUEST_PROJECT_GRAPH. Handling time: 1. Response time: 1.
[NX Daemon Server] - 2024-08-01T14:16:06.502Z - [REQUEST]: Responding to the client. handleHashTasks
[NX Daemon Server] - 2024-08-01T14:16:06.502Z - Done responding to the client handleHashTasks
[NX Daemon Server] - 2024-08-01T14:16:06.503Z - Handled HASH_TASKS. Handling time: 6. Response time: 1.
[NX Daemon Server] - 2024-08-01T14:16:07.242Z - Established a connection. Number of open connections: 2
[NX Daemon Server] - 2024-08-01T14:16:07.244Z - Closed a connection. Number of open connections: 1
[NX Daemon Server] - 2024-08-01T14:16:07.246Z - Established a connection. Number of open connections: 2
[NX Daemon Server] - 2024-08-01T14:16:07.250Z - [REQUEST]: Client Request for Project Graph Received
[NX Daemon Server] - 2024-08-01T14:16:07.250Z - [REQUEST]: Responding to the client. project-graph
[NX Daemon Server] - 2024-08-01T14:16:07.251Z - Time taken for 'total for creating and serializing project graph' 0.4582998752593994ms
[NX Daemon Server] - 2024-08-01T14:16:07.251Z - Done responding to the client project-graph
[NX Daemon Server] - 2024-08-01T14:16:07.251Z - Handled REQUEST_PROJECT_GRAPH. Handling time: 0. Response time: 1.
[NX Daemon Server] - 2024-08-01T14:16:21.311Z - Closed a connection. Number of open connections: 1
[NX Daemon Server] - 2024-08-01T14:16:21.311Z - Closed a connection. Number of open connections: 0
[NX Daemon Server] - 2024-08-01T14:16:22.549Z - Established a connection. Number of open connections: 1
[NX Daemon Server] - 2024-08-01T14:16:22.549Z - Closed a connection. Number of open connections: 0
[NX Daemon Server] - 2024-08-01T14:16:22.550Z - Established a connection. Number of open connections: 1
[NX Daemon Server] - 2024-08-01T14:16:22.555Z - [REQUEST]: Client Request for Project Graph Received
[NX Daemon Server] - 2024-08-01T14:16:22.556Z - [REQUEST]: Responding to the client. project-graph
[NX Daemon Server] - 2024-08-01T14:16:22.557Z - Time taken for 'total for creating and serializing project graph' 1.1277000904083252ms
[NX Daemon Server] - 2024-08-01T14:16:22.558Z - Done responding to the client project-graph
[NX Daemon Server] - 2024-08-01T14:16:22.558Z - Handled REQUEST_PROJECT_GRAPH. Handling time: 1. Response time: 2.
[NX Daemon Server] - 2024-08-01T14:16:22.571Z - [REQUEST]: Responding to the client. handleHashTasks
[NX Daemon Server] - 2024-08-01T14:16:22.571Z - Done responding to the client handleHashTasks
[NX Daemon Server] - 2024-08-01T14:16:22.571Z - Handled HASH_TASKS. Handling time: 3. Response time: 0.
[NX Daemon Server] - 2024-08-01T14:16:23.183Z - Established a connection. Number of open connections: 2
[NX Daemon Server] - 2024-08-01T14:16:23.186Z - Closed a connection. Number of open connections: 1
[NX Daemon Server] - 2024-08-01T14:16:23.188Z - Established a connection. Number of open connections: 2
[NX Daemon Server] - 2024-08-01T14:16:23.191Z - [REQUEST]: Client Request for Project Graph Received
[NX Daemon Server] - 2024-08-01T14:16:23.192Z - [REQUEST]: Responding to the client. project-graph
[NX Daemon Server] - 2024-08-01T14:16:23.192Z - Time taken for 'total for creating and serializing project graph' 0.527900218963623ms
[NX Daemon Server] - 2024-08-01T14:16:23.193Z - Done responding to the client project-graph
[NX Daemon Server] - 2024-08-01T14:16:23.193Z - Handled REQUEST_PROJECT_GRAPH. Handling time: 1. Response time: 1.
[NX Daemon Server] - 2024-08-01T14:16:23.583Z - Closed a connection. Number of open connections: 1
[NX Daemon Server] - 2024-08-01T14:16:23.585Z - Closed a connection. Number of open connections: 0
[NX Daemon Server] - 2024-08-01T14:16:26.619Z - Established a connection. Number of open connections: 1
[NX Daemon Server] - 2024-08-01T14:16:26.619Z - Closed a connection. Number of open connections: 0
[NX Daemon Server] - 2024-08-01T14:16:26.620Z - Established a connection. Number of open connections: 1
[NX Daemon Server] - 2024-08-01T14:16:26.624Z - [REQUEST]: Client Request for Project Graph Received
[NX Daemon Server] - 2024-08-01T14:16:26.625Z - [REQUEST]: Responding to the client. project-graph
[NX Daemon Server] - 2024-08-01T14:16:26.625Z - Time taken for 'total for creating and serializing project graph' 0.8376998901367188ms
[NX Daemon Server] - 2024-08-01T14:16:26.627Z - Done responding to the client project-graph
[NX Daemon Server] - 2024-08-01T14:16:26.627Z - Handled REQUEST_PROJECT_GRAPH. Handling time: 1. Response time: 2.
[NX Daemon Server] - 2024-08-01T14:16:26.638Z - [REQUEST]: Responding to the client. handleHashTasks
[NX Daemon Server] - 2024-08-01T14:16:26.638Z - Done responding to the client handleHashTasks
[NX Daemon Server] - 2024-08-01T14:16:26.638Z - Handled HASH_TASKS. Handling time: 2. Response time: 0.
[NX Daemon Server] - 2024-08-01T14:16:27.275Z - Established a connection. Number of open connections: 2
[NX Daemon Server] - 2024-08-01T14:16:27.279Z - Closed a connection. Number of open connections: 1
[NX Daemon Server] - 2024-08-01T14:16:27.281Z - Established a connection. Number of open connections: 2
[NX Daemon Server] - 2024-08-01T14:16:27.285Z - [REQUEST]: Client Request for Project Graph Received
[NX Daemon Server] - 2024-08-01T14:16:27.285Z - [REQUEST]: Responding to the client. project-graph
[NX Daemon Server] - 2024-08-01T14:16:27.286Z - Time taken for 'total for creating and serializing project graph' 0.573199987411499ms
[NX Daemon Server] - 2024-08-01T14:16:27.286Z - Done responding to the client project-graph
[NX Daemon Server] - 2024-08-01T14:16:27.286Z - Handled REQUEST_PROJECT_GRAPH. Handling time: 0. Response time: 1.
[NX Daemon Server] - 2024-08-01T14:16:40.738Z - [WATCHER]: Processing file changes in outputs
[NX Daemon Server] - 2024-08-01T14:17:11.700Z - Closed a connection. Number of open connections: 1
[NX Daemon Server] - 2024-08-01T14:17:11.701Z - Closed a connection. Number of open connections: 0
[NX Daemon Server] - 2024-08-01T14:18:57.208Z - [WATCHER]: Processing file changes in outputs
[NX Daemon Server] - 2024-08-01T14:19:58.113Z - [WATCHER]: Processing file changes in outputs
[NX Daemon Server] - 2024-08-01T14:19:58.116Z - [WATCHER]: package-lock.json was modified
[NX Daemon Server] - 2024-08-01T14:19:58.240Z - [REQUEST]: Updated workspace context based on watched changes, recomputing project graph...
[NX Daemon Server] - 2024-08-01T14:19:58.240Z - [REQUEST]: package-lock.json
[NX Daemon Server] - 2024-08-01T14:19:58.240Z - [REQUEST]: 
[NX Daemon Server] - 2024-08-01T14:19:58.262Z - Time taken for 'hash changed files from watcher' 15.381700038909912ms
[NX Daemon Server] - 2024-08-01T14:19:58.406Z - Time taken for 'build-project-configs' 112.35700011253357ms
[NX Daemon Server] - 2024-08-01T14:19:58.446Z - Error detected when creating a project graph: Failed to create project graph. See above for errors
[NX Daemon Server] - 2024-08-01T14:19:58.447Z - Time taken for 'build project graph' 49.832900047302246ms
[NX Daemon Server] - 2024-08-01T14:21:51.528Z - [WATCHER]: package-lock.json was modified
[NX Daemon Server] - 2024-08-01T14:21:51.529Z - [WATCHER]: Processing file changes in outputs
[NX Daemon Server] - 2024-08-01T14:21:51.745Z - [REQUEST]: Updated workspace context based on watched changes, recomputing project graph...
[NX Daemon Server] - 2024-08-01T14:21:51.746Z - [REQUEST]: package-lock.json
[NX Daemon Server] - 2024-08-01T14:21:51.746Z - [REQUEST]: 
[NX Daemon Server] - 2024-08-01T14:21:51.759Z - Time taken for 'hash changed files from watcher' 9.406599998474121ms
[NX Daemon Server] - 2024-08-01T14:21:51.814Z - Time taken for 'build-project-configs' 34.9481999874115ms
[NX Daemon Server] - 2024-08-01T14:21:51.837Z - Error detected when creating a project graph: Failed to create project graph. See above for errors
[NX Daemon Server] - 2024-08-01T14:21:51.837Z - Time taken for 'build project graph' 28.704699993133545ms
[NX Daemon Server] - 2024-08-01T14:23:07.071Z - [WATCHER]: Processing file changes in outputs
[NX Daemon Server] - 2024-08-01T14:24:11.613Z - [WATCHER]: Processing file changes in outputs
[NX Daemon Server] - 2024-08-01T14:24:51.593Z - [WATCHER]: Processing file changes in outputs
[NX Daemon Server] - 2024-08-01T14:24:51.593Z - [WATCHER]: Stopping the watcher for C:\Users\Valentin\Documents\monorepo-front (sources)
[NX Daemon Server] - 2024-08-01T14:24:51.593Z - [WATCHER]: Stopping the watcher for C:\Users\Valentin\Documents\monorepo-front (outputs)
[NX Daemon Server] - 2024-08-01T14:24:51.593Z - Server stopped because: "NX_VERSION_CHANGED"
[NX Daemon Server] - 2024-08-01T14:27:17.011Z - Started listening on: \\.\pipe\nx\C:\Users\Valentin\AppData\Local\Temp\a7399597de8543c71d94\d.sock
[NX Daemon Server] - 2024-08-01T14:27:17.020Z - [WATCHER]: Subscribed to changes within: C:\Users\Valentin\Documents\monorepo-front (native)
[NX Daemon Server] - 2024-08-01T14:27:17.024Z - Established a connection. Number of open connections: 1
[NX Daemon Server] - 2024-08-01T14:27:17.027Z - Established a connection. Number of open connections: 2
[NX Daemon Server] - 2024-08-01T14:27:17.031Z - Closed a connection. Number of open connections: 1
[NX Daemon Server] - 2024-08-01T14:27:17.150Z - [REQUEST]: Responding to the client. handleGlob
[NX Daemon Server] - 2024-08-01T14:27:17.151Z - Done responding to the client handleGlob
[NX Daemon Server] - 2024-08-01T14:27:17.151Z - Handled GLOB. Handling time: 87. Response time: 1.
[NX Daemon Server] - 2024-08-01T14:27:17.191Z - [REQUEST]: Responding to the client. handleNxWorkspaceFiles
[NX Daemon Server] - 2024-08-01T14:27:17.193Z - Done responding to the client handleNxWorkspaceFiles
[NX Daemon Server] - 2024-08-01T14:27:17.193Z - Handled GET_NX_WORKSPACE_FILES. Handling time: 18. Response time: 2.
[NX Daemon Server] - 2024-08-01T14:27:17.254Z - Closed a connection. Number of open connections: 0
[NX Daemon Server] - 2024-08-01T14:27:17.746Z - [WATCHER]: Processing file changes in outputs
[NX Daemon Server] - 2024-08-01T14:27:27.804Z - [WATCHER]: Processing file changes in outputs
[NX Daemon Server] - 2024-08-01T14:27:45.068Z - Established a connection. Number of open connections: 1
[NX Daemon Server] - 2024-08-01T14:27:45.069Z - Closed a connection. Number of open connections: 0
[NX Daemon Server] - 2024-08-01T14:27:45.070Z - Established a connection. Number of open connections: 1
[NX Daemon Server] - 2024-08-01T14:27:45.075Z - [REQUEST]: Responding to the client with an error. Daemon outdated LOCK_FILES_CHANGED
Error: LOCK_FILES_CHANGED
    at handleMessage (C:\Users\Valentin\Documents\monorepo-front\node_modules\nx\src\daemon\server\server.js:78:88)
    at C:\Users\Valentin\Documents\monorepo-front\node_modules\nx\src\daemon\server\server.js:59:15
    at Socket.<anonymous> (C:\Users\Valentin\Documents\monorepo-front\node_modules\nx\src\utils\consume-messages-from-socket.js:13:17)
    at Socket.emit (node:events:520:28)
    at addChunk (node:internal/streams/readable:559:12)
    at readableAddChunkPushByteMode (node:internal/streams/readable:510:3)
    at Readable.push (node:internal/streams/readable:390:5)
    at Pipe.onStreamRead (node:internal/stream_base_commons:191:23)
[NX Daemon Server] - 2024-08-01T14:27:45.076Z - Done responding to the client null
[NX Daemon Server] - 2024-08-01T14:27:45.076Z - [REQUEST]: Client Request for Project Graph Received
[NX Daemon Server] - 2024-08-01T14:27:45.123Z - Closed a connection. Number of open connections: 0
[NX Daemon Server] - 2024-08-01T14:27:45.549Z - [REQUEST]: Updated workspace context based on watched changes, recomputing project graph...
[NX Daemon Server] - 2024-08-01T14:27:45.549Z - [REQUEST]: 
[NX Daemon Server] - 2024-08-01T14:27:45.549Z - [REQUEST]: 
[NX Daemon Server] - 2024-08-01T14:27:45.568Z - Time taken for 'loadNxPlugins' 463.3863999999994ms
[NX Daemon Server] - 2024-08-01T14:27:45.666Z - Time taken for 'build-project-configs' 24.794300000001385ms
[NX Daemon Server] - 2024-08-01T14:27:45.694Z - [REQUEST]: Responding to the client. project-graph
Error: This socket has been ended by the other party
    at genericNodeError (node:internal/errors:983:15)
    at wrappedFn (node:internal/errors:537:14)
    at Socket.writeAfterFIN [as write] (node:net:560:14)
    at C:\Users\Valentin\Documents\monorepo-front\node_modules\nx\src\daemon\server\shutdown-utils.js:64:16
    at new Promise (<anonymous>)
    at respondToClient (C:\Users\Valentin\Documents\monorepo-front\node_modules\nx\src\daemon\server\shutdown-utils.js:60:12)
    at handleResult (C:\Users\Valentin\Documents\monorepo-front\node_modules\nx\src\daemon\server\server.js:146:52)
    at process.processTicksAndRejections (node:internal/process/task_queues:95:5)
    at async handleMessage (C:\Users\Valentin\Documents\monorepo-front\node_modules\nx\src\daemon\server\server.js:93:9)
    at async C:\Users\Valentin\Documents\monorepo-front\node_modules\nx\src\daemon\server\server.js:59:9 {
  code: 'EPIPE'
}
[NX Daemon Server] - 2024-08-01T14:27:45.697Z - Done responding to the client project-graph
[NX Daemon Server] - 2024-08-01T14:27:45.697Z - Handled REQUEST_PROJECT_GRAPH. Handling time: 618. Response time: 3.
[NX Daemon Server] - 2024-08-01T14:27:45.697Z - Time taken for 'total for creating and serializing project graph' 617.7574000000022ms
[NX Daemon Server] - 2024-08-01T14:27:48.878Z - Established a connection. Number of open connections: 1
[NX Daemon Server] - 2024-08-01T14:27:48.878Z - Closed a connection. Number of open connections: 0
[NX Daemon Server] - 2024-08-01T14:27:48.879Z - Established a connection. Number of open connections: 1
[NX Daemon Server] - 2024-08-01T14:27:48.883Z - [REQUEST]: Client Request for Project Graph Received
[NX Daemon Server] - 2024-08-01T14:27:48.884Z - [REQUEST]: Responding to the client. project-graph
[NX Daemon Server] - 2024-08-01T14:27:48.884Z - Time taken for 'total for creating and serializing project graph' 0.7256000000015774ms
[NX Daemon Server] - 2024-08-01T14:27:48.885Z - Done responding to the client project-graph
[NX Daemon Server] - 2024-08-01T14:27:48.885Z - Handled REQUEST_PROJECT_GRAPH. Handling time: 1. Response time: 1.
[NX Daemon Server] - 2024-08-01T14:27:48.901Z - [REQUEST]: Responding to the client. handleHashTasks
[NX Daemon Server] - 2024-08-01T14:27:48.902Z - Done responding to the client handleHashTasks
[NX Daemon Server] - 2024-08-01T14:27:48.902Z - Handled HASH_TASKS. Handling time: 6. Response time: 1.
[NX Daemon Server] - 2024-08-01T14:27:49.431Z - Established a connection. Number of open connections: 2
[NX Daemon Server] - 2024-08-01T14:27:49.434Z - Closed a connection. Number of open connections: 1
[NX Daemon Server] - 2024-08-01T14:27:49.435Z - Established a connection. Number of open connections: 2
[NX Daemon Server] - 2024-08-01T14:27:49.439Z - [REQUEST]: Client Request for Project Graph Received
[NX Daemon Server] - 2024-08-01T14:27:49.439Z - [REQUEST]: Responding to the client. project-graph
[NX Daemon Server] - 2024-08-01T14:27:49.439Z - Time taken for 'total for creating and serializing project graph' 0.4578000000001339ms
[NX Daemon Server] - 2024-08-01T14:27:49.440Z - Done responding to the client project-graph
[NX Daemon Server] - 2024-08-01T14:27:49.440Z - Handled REQUEST_PROJECT_GRAPH. Handling time: 0. Response time: 1.
[NX Daemon Server] - 2024-08-01T14:28:05.556Z - [WATCHER]: Processing file changes in outputs
[NX Daemon Server] - 2024-08-01T14:29:23.508Z - [WATCHER]: apps/ha-hub/src/assets/images/node-v20.16.0-x64.msi was deleted
[NX Daemon Server] - 2024-08-01T14:29:23.509Z - [WATCHER]: Processing file changes in outputs
[NX Daemon Server] - 2024-08-01T14:29:23.636Z - [REQUEST]: Updated workspace context based on watched changes, recomputing project graph...
[NX Daemon Server] - 2024-08-01T14:29:23.636Z - [REQUEST]: 
[NX Daemon Server] - 2024-08-01T14:29:23.636Z - [REQUEST]: apps/ha-hub/src/assets/images/node-v20.16.0-x64.msi
[NX Daemon Server] - 2024-08-01T14:29:23.670Z - [WATCHER]: apps/ha-hub/src/assets/images/Unconfirmed 371093.crdownload was modified
[NX Daemon Server] - 2024-08-01T14:29:23.670Z - [WATCHER]: Processing file changes in outputs
[NX Daemon Server] - 2024-08-01T14:29:23.671Z - Time taken for 'hash changed files from watcher' 14.317399999999907ms
[NX Daemon Server] - 2024-08-01T14:29:23.721Z - Time taken for 'build-project-configs' 19.014200000005076ms
[NX Daemon Server] - 2024-08-01T14:29:23.742Z - Time taken for 'total execution time for createProjectGraph()' 30.126499999998487ms
[NX Daemon Server] - 2024-08-01T14:29:23.894Z - [REQUEST]: Updated workspace context based on watched changes, recomputing project graph...
[NX Daemon Server] - 2024-08-01T14:29:23.895Z - [REQUEST]: 
[NX Daemon Server] - 2024-08-01T14:29:23.895Z - [REQUEST]: 
[NX Daemon Server] - 2024-08-01T14:29:23.911Z - Time taken for 'hash changed files from watcher' 14.44079999999667ms
[NX Daemon Server] - 2024-08-01T14:29:23.968Z - Time taken for 'build-project-configs' 16.518700000000536ms
[NX Daemon Server] - 2024-08-01T14:29:24.002Z - Time taken for 'total execution time for createProjectGraph()' 36.4267000000109ms
[NX Daemon Server] - 2024-08-01T14:29:24.370Z - [WATCHER]: 1 file(s) created or restored, 0 file(s) modified, 1 file(s) deleted
[NX Daemon Server] - 2024-08-01T14:29:24.371Z - [WATCHER]: Processing file changes in outputs
[NX Daemon Server] - 2024-08-01T14:29:24.470Z - [WATCHER]: apps/ha-hub/src/assets/images/node-v20.16.0-x64.msi was modified
[NX Daemon Server] - 2024-08-01T14:29:24.470Z - [WATCHER]: Processing file changes in outputs
[NX Daemon Server] - 2024-08-01T14:29:24.520Z - [REQUEST]: Updated workspace context based on watched changes, recomputing project graph...
[NX Daemon Server] - 2024-08-01T14:29:24.520Z - [REQUEST]: apps/ha-hub/src/assets/images/node-v20.16.0-x64.msi
[NX Daemon Server] - 2024-08-01T14:29:24.520Z - [REQUEST]: apps/ha-hub/src/assets/images/Unconfirmed 371093.crdownload
[NX Daemon Server] - 2024-08-01T14:29:24.532Z - Time taken for 'hash changed files from watcher' 35.64379999999073ms
[NX Daemon Server] - 2024-08-01T14:29:24.571Z - Time taken for 'build-project-configs' 11.14900000000489ms
[NX Daemon Server] - 2024-08-01T14:29:30.189Z - Time taken for 'total execution time for createProjectGraph()' 5618.478499999997ms
[NX Daemon Server] - 2024-08-01T14:29:39.238Z - Closed a connection. Number of open connections: 1
[NX Daemon Server] - 2024-08-01T14:29:39.240Z - Closed a connection. Number of open connections: 0
[NX Daemon Server] - 2024-08-01T14:30:52.393Z - [WATCHER]: Processing file changes in outputs
[NX Daemon Server] - 2024-08-01T14:33:15.284Z - [WATCHER]: apps/ha-hub/src/assets/images/node-v20.16.0-x64.msi was deleted
[NX Daemon Server] - 2024-08-01T14:33:15.284Z - [WATCHER]: Processing file changes in outputs
[NX Daemon Server] - 2024-08-01T14:33:15.560Z - [REQUEST]: Updated workspace context based on watched changes, recomputing project graph...
[NX Daemon Server] - 2024-08-01T14:33:15.560Z - [REQUEST]: 
[NX Daemon Server] - 2024-08-01T14:33:15.560Z - [REQUEST]: apps/ha-hub/src/assets/images/node-v20.16.0-x64.msi
[NX Daemon Server] - 2024-08-01T14:33:15.576Z - Time taken for 'hash changed files from watcher' 12.252399999997579ms
[NX Daemon Server] - 2024-08-01T14:33:15.625Z - Time taken for 'build-project-configs' 15.429999999993015ms
[NX Daemon Server] - 2024-08-01T14:33:15.657Z - Time taken for 'total execution time for createProjectGraph()' 27.837999999988824ms
[NX Daemon Server] - 2024-08-01T14:33:20.599Z - [WATCHER]: apps/ha-hub/src/assets/images/node-v22.5.1-x64.msi was deleted
[NX Daemon Server] - 2024-08-01T14:33:20.600Z - [WATCHER]: Processing file changes in outputs
[NX Daemon Server] - 2024-08-01T14:33:21.029Z - [REQUEST]: Updated workspace context based on watched changes, recomputing project graph...
[NX Daemon Server] - 2024-08-01T14:33:21.029Z - [REQUEST]: 
[NX Daemon Server] - 2024-08-01T14:33:21.029Z - [REQUEST]: apps/ha-hub/src/assets/images/node-v22.5.1-x64.msi
[NX Daemon Server] - 2024-08-01T14:33:21.054Z - Time taken for 'hash changed files from watcher' 16.87589999998454ms
[NX Daemon Server] - 2024-08-01T14:33:21.114Z - Time taken for 'build-project-configs' 17.6710000000312ms
[NX Daemon Server] - 2024-08-01T14:33:21.141Z - Time taken for 'total execution time for createProjectGraph()' 32.83760000002803ms
[NX Daemon Server] - 2024-08-01T14:35:45.495Z - Established a connection. Number of open connections: 1
[NX Daemon Server] - 2024-08-01T14:35:45.496Z - Closed a connection. Number of open connections: 0
[NX Daemon Server] - 2024-08-01T14:35:45.497Z - Established a connection. Number of open connections: 1
[NX Daemon Server] - 2024-08-01T14:35:45.502Z - [REQUEST]: Client Request for Project Graph Received
[NX Daemon Server] - 2024-08-01T14:35:45.503Z - [REQUEST]: Responding to the client. project-graph
[NX Daemon Server] - 2024-08-01T14:35:45.504Z - Time taken for 'total for creating and serializing project graph' 1.0550999999977648ms
[NX Daemon Server] - 2024-08-01T14:35:45.505Z - Done responding to the client project-graph
[NX Daemon Server] - 2024-08-01T14:35:45.505Z - Handled REQUEST_PROJECT_GRAPH. Handling time: 1. Response time: 2.
[NX Daemon Server] - 2024-08-01T14:35:45.534Z - [REQUEST]: Responding to the client. handleHashTasks
[NX Daemon Server] - 2024-08-01T14:35:45.535Z - Done responding to the client handleHashTasks
[NX Daemon Server] - 2024-08-01T14:35:45.535Z - Handled HASH_TASKS. Handling time: 14. Response time: 1.
[NX Daemon Server] - 2024-08-01T14:35:46.084Z - Established a connection. Number of open connections: 2
[NX Daemon Server] - 2024-08-01T14:35:46.087Z - Closed a connection. Number of open connections: 1
[NX Daemon Server] - 2024-08-01T14:35:46.088Z - Established a connection. Number of open connections: 2
[NX Daemon Server] - 2024-08-01T14:35:46.092Z - [REQUEST]: Client Request for Project Graph Received
[NX Daemon Server] - 2024-08-01T14:35:46.092Z - [REQUEST]: Responding to the client. project-graph
[NX Daemon Server] - 2024-08-01T14:35:46.093Z - Time taken for 'total for creating and serializing project graph' 0.567200000048615ms
[NX Daemon Server] - 2024-08-01T14:35:46.093Z - Done responding to the client project-graph
[NX Daemon Server] - 2024-08-01T14:35:46.093Z - Handled REQUEST_PROJECT_GRAPH. Handling time: 0. Response time: 1.
[NX Daemon Server] - 2024-08-01T14:35:46.593Z - [WATCHER]: Processing file changes in outputs
[NX Daemon Server] - 2024-08-01T14:35:46.658Z - [WATCHER]: Processing file changes in outputs
[NX Daemon Server] - 2024-08-01T14:35:59.455Z - [WATCHER]: Processing file changes in outputs
[NX Daemon Server] - 2024-08-01T14:36:02.354Z - [WATCHER]: Processing file changes in outputs
[NX Daemon Server] - 2024-08-01T14:36:05.736Z - [WATCHER]: Processing file changes in outputs
[NX Daemon Server] - 2024-08-01T14:36:06.305Z - [WATCHER]: Processing file changes in outputs
[NX Daemon Server] - 2024-08-01T14:36:07.368Z - [WATCHER]: Processing file changes in outputs
[NX Daemon Server] - 2024-08-01T14:36:08.548Z - [WATCHER]: Processing file changes in outputs
[NX Daemon Server] - 2024-08-01T14:36:09.021Z - [WATCHER]: Processing file changes in outputs
[NX Daemon Server] - 2024-08-01T14:36:09.129Z - [WATCHER]: Processing file changes in outputs
[NX Daemon Server] - 2024-08-01T14:36:09.704Z - [WATCHER]: Processing file changes in outputs
[NX Daemon Server] - 2024-08-01T14:36:12.807Z - [WATCHER]: Processing file changes in outputs
[NX Daemon Server] - 2024-08-01T14:36:13.925Z - [WATCHER]: Processing file changes in outputs
[NX Daemon Server] - 2024-08-01T14:36:14.569Z - [WATCHER]: Processing file changes in outputs
[NX Daemon Server] - 2024-08-01T14:36:15.721Z - [WATCHER]: Processing file changes in outputs
[NX Daemon Server] - 2024-08-01T14:36:15.839Z - [WATCHER]: Processing file changes in outputs
[NX Daemon Server] - 2024-08-01T14:36:17.544Z - [WATCHER]: Processing file changes in outputs
[NX Daemon Server] - 2024-08-01T14:36:18.751Z - [WATCHER]: Processing file changes in outputs
[NX Daemon Server] - 2024-08-01T14:36:20.279Z - [WATCHER]: Processing file changes in outputs
[NX Daemon Server] - 2024-08-01T14:36:20.783Z - [WATCHER]: Processing file changes in outputs
[NX Daemon Server] - 2024-08-01T14:36:21.468Z - [WATCHER]: Processing file changes in outputs
[NX Daemon Server] - 2024-08-01T14:36:21.532Z - [WATCHER]: Processing file changes in outputs
[NX Daemon Server] - 2024-08-01T14:36:22.000Z - [WATCHER]: Processing file changes in outputs
[NX Daemon Server] - 2024-08-01T14:36:23.351Z - [WATCHER]: Processing file changes in outputs
[NX Daemon Server] - 2024-08-01T14:36:24.668Z - [WATCHER]: Processing file changes in outputs
[NX Daemon Server] - 2024-08-01T14:36:25.313Z - [WATCHER]: Processing file changes in outputs
[NX Daemon Server] - 2024-08-01T14:36:25.603Z - [WATCHER]: Processing file changes in outputs
[NX Daemon Server] - 2024-08-01T14:36:36.217Z - [WATCHER]: Processing file changes in outputs
[NX Daemon Server] - 2024-08-01T14:36:38.252Z - [WATCHER]: Processing file changes in outputs
[NX Daemon Server] - 2024-08-01T14:36:42.935Z - [WATCHER]: Processing file changes in outputs
[NX Daemon Server] - 2024-08-01T14:36:43.033Z - [WATCHER]: Processing file changes in outputs
[NX Daemon Server] - 2024-08-01T14:36:43.080Z - [WATCHER]: Processing file changes in outputs
[NX Daemon Server] - 2024-08-01T14:36:43.133Z - [WATCHER]: Processing file changes in outputs
[NX Daemon Server] - 2024-08-01T14:36:43.184Z - [WATCHER]: Processing file changes in outputs
[NX Daemon Server] - 2024-08-01T14:36:43.235Z - [WATCHER]: Processing file changes in outputs
[NX Daemon Server] - 2024-08-01T14:36:43.287Z - [WATCHER]: Processing file changes in outputs
[NX Daemon Server] - 2024-08-01T14:36:43.337Z - [WATCHER]: Processing file changes in outputs
[NX Daemon Server] - 2024-08-01T14:36:43.396Z - [WATCHER]: Processing file changes in outputs
[NX Daemon Server] - 2024-08-01T14:36:43.459Z - [WATCHER]: Processing file changes in outputs
[NX Daemon Server] - 2024-08-01T14:36:45.064Z - Closed a connection. Number of open connections: 1
[NX Daemon Server] - 2024-08-01T14:36:45.150Z - [REQUEST]: Responding to the client. recordOutputsHash
[NX Daemon Server] - 2024-08-01T14:36:45.150Z - Done responding to the client recordOutputsHash
[NX Daemon Server] - 2024-08-01T14:36:45.151Z - Handled RECORD_OUTPUTS_HASH. Handling time: 24. Response time: 1.
[NX Daemon Server] - 2024-08-01T14:36:45.655Z - [REQUEST]: Responding to the client. handleWriteTaskRunsToHistory
[NX Daemon Server] - 2024-08-01T14:36:45.655Z - Done responding to the client handleWriteTaskRunsToHistory
[NX Daemon Server] - 2024-08-01T14:36:45.655Z - Handled WRITE_TASK_RUNS_TO_HISTORY. Handling time: 2. Response time: 0.
[NX Daemon Server] - 2024-08-01T14:36:45.657Z - [REQUEST]: Responding to the client. handleGetTaskHistoryForHashes
[NX Daemon Server] - 2024-08-01T14:36:45.657Z - Done responding to the client handleGetTaskHistoryForHashes
[NX Daemon Server] - 2024-08-01T14:36:45.657Z - Handled GET_TASK_HISTORY_FOR_HASHES. Handling time: 0. Response time: 0.
[NX Daemon Server] - 2024-08-01T14:36:45.661Z - Closed a connection. Number of open connections: 0
[NX Daemon Server] - 2024-08-01T14:38:39.643Z - [WATCHER]: Processing file changes in outputs
[NX Daemon Server] - 2024-08-01T14:40:24.406Z - Established a connection. Number of open connections: 1
[NX Daemon Server] - 2024-08-01T14:40:24.408Z - Closed a connection. Number of open connections: 0
[NX Daemon Server] - 2024-08-01T14:40:24.415Z - Established a connection. Number of open connections: 1
[NX Daemon Server] - 2024-08-01T14:40:24.422Z - [REQUEST]: Client Request for Project Graph Received
[NX Daemon Server] - 2024-08-01T14:40:24.425Z - [REQUEST]: Responding to the client. project-graph
[NX Daemon Server] - 2024-08-01T14:40:24.425Z - Time taken for 'total for creating and serializing project graph' 2.9273999999277294ms
[NX Daemon Server] - 2024-08-01T14:40:24.426Z - Done responding to the client project-graph
[NX Daemon Server] - 2024-08-01T14:40:24.426Z - Handled REQUEST_PROJECT_GRAPH. Handling time: 4. Response time: 1.
[NX Daemon Server] - 2024-08-01T14:40:24.435Z - [REQUEST]: Client Request for Project Graph Received
[NX Daemon Server] - 2024-08-01T14:40:24.436Z - [REQUEST]: Responding to the client. project-graph
[NX Daemon Server] - 2024-08-01T14:40:24.436Z - Time taken for 'total for creating and serializing project graph' 0.8228000000817701ms
[NX Daemon Server] - 2024-08-01T14:40:24.436Z - Done responding to the client project-graph
[NX Daemon Server] - 2024-08-01T14:40:24.436Z - Handled REQUEST_PROJECT_GRAPH. Handling time: 1. Response time: 0.
[NX Daemon Server] - 2024-08-01T14:40:24.439Z - Established a connection. Number of open connections: 2
[NX Daemon Server] - 2024-08-01T14:40:24.442Z - [REQUEST]: Client Request for Project Graph Received
[NX Daemon Server] - 2024-08-01T14:40:24.444Z - [REQUEST]: Responding to the client. project-graph
[NX Daemon Server] - 2024-08-01T14:40:24.445Z - Time taken for 'total for creating and serializing project graph' 1.3403999999864027ms
[NX Daemon Server] - 2024-08-01T14:40:24.448Z - Done responding to the client project-graph
[NX Daemon Server] - 2024-08-01T14:40:24.448Z - Handled REQUEST_PROJECT_GRAPH. Handling time: 2. Response time: 4.
[NX Daemon Server] - 2024-08-01T14:44:05.712Z - [WATCHER]: Processing file changes in outputs
[NX Daemon Server] - 2024-08-01T14:46:19.495Z - Established a connection. Number of open connections: 3
[NX Daemon Server] - 2024-08-01T14:46:19.495Z - Closed a connection. Number of open connections: 2
[NX Daemon Server] - 2024-08-01T14:46:19.496Z - Established a connection. Number of open connections: 3
[NX Daemon Server] - 2024-08-01T14:46:19.501Z - [REQUEST]: Client Request for Project Graph Received
[NX Daemon Server] - 2024-08-01T14:46:19.502Z - [REQUEST]: Responding to the client. project-graph
[NX Daemon Server] - 2024-08-01T14:46:19.502Z - Time taken for 'total for creating and serializing project graph' 1.037999999942258ms
[NX Daemon Server] - 2024-08-01T14:46:19.505Z - Done responding to the client project-graph
[NX Daemon Server] - 2024-08-01T14:46:19.505Z - Handled REQUEST_PROJECT_GRAPH. Handling time: 1. Response time: 3.
[NX Daemon Server] - 2024-08-01T14:46:19.508Z - Closed a connection. Number of open connections: 2
[NX Daemon Server] - 2024-08-01T14:48:45.879Z - Established a connection. Number of open connections: 3
[NX Daemon Server] - 2024-08-01T14:48:45.880Z - Closed a connection. Number of open connections: 2
[NX Daemon Server] - 2024-08-01T14:48:45.880Z - Established a connection. Number of open connections: 3
[NX Daemon Server] - 2024-08-01T14:48:45.883Z - [REQUEST]: Client Request for Project Graph Received
[NX Daemon Server] - 2024-08-01T14:48:45.884Z - [REQUEST]: Responding to the client. project-graph
[NX Daemon Server] - 2024-08-01T14:48:45.884Z - Time taken for 'total for creating and serializing project graph' 0.7091000000946224ms
[NX Daemon Server] - 2024-08-01T14:48:45.884Z - Done responding to the client project-graph
[NX Daemon Server] - 2024-08-01T14:48:45.884Z - Handled REQUEST_PROJECT_GRAPH. Handling time: 1. Response time: 0.
[NX Daemon Server] - 2024-08-01T14:48:45.902Z - [REQUEST]: Responding to the client. handleHashTasks
[NX Daemon Server] - 2024-08-01T14:48:45.902Z - Done responding to the client handleHashTasks
[NX Daemon Server] - 2024-08-01T14:48:45.902Z - Handled HASH_TASKS. Handling time: 7. Response time: 0.
[NX Daemon Server] - 2024-08-01T14:48:46.552Z - Established a connection. Number of open connections: 4
[NX Daemon Server] - 2024-08-01T14:48:46.555Z - Closed a connection. Number of open connections: 3
[NX Daemon Server] - 2024-08-01T14:48:46.556Z - Established a connection. Number of open connections: 4
[NX Daemon Server] - 2024-08-01T14:48:46.560Z - [REQUEST]: Client Request for Project Graph Received
[NX Daemon Server] - 2024-08-01T14:48:46.561Z - [REQUEST]: Responding to the client. project-graph
[NX Daemon Server] - 2024-08-01T14:48:46.562Z - Time taken for 'total for creating and serializing project graph' 1.2418000001925975ms
[NX Daemon Server] - 2024-08-01T14:48:46.562Z - Done responding to the client project-graph
[NX Daemon Server] - 2024-08-01T14:48:46.562Z - Handled REQUEST_PROJECT_GRAPH. Handling time: 1. Response time: 1.
[NX Daemon Server] - 2024-08-01T14:49:01.315Z - [WATCHER]: Processing file changes in outputs
[NX Daemon Server] - 2024-08-01T14:49:20.334Z - Closed a connection. Number of open connections: 3
[NX Daemon Server] - 2024-08-01T14:49:20.342Z - Closed a connection. Number of open connections: 2
[NX Daemon Server] - 2024-08-01T14:49:51.926Z - [WATCHER]: Processing file changes in outputs
[NX Daemon Server] - 2024-08-01T14:51:32.356Z - Established a connection. Number of open connections: 3
[NX Daemon Server] - 2024-08-01T14:51:32.356Z - Closed a connection. Number of open connections: 2
[NX Daemon Server] - 2024-08-01T14:51:32.357Z - Established a connection. Number of open connections: 3
[NX Daemon Server] - 2024-08-01T14:51:32.363Z - [REQUEST]: Client Request for Project Graph Received
[NX Daemon Server] - 2024-08-01T14:51:32.364Z - [REQUEST]: Responding to the client. project-graph
[NX Daemon Server] - 2024-08-01T14:51:32.364Z - Time taken for 'total for creating and serializing project graph' 1.072199999820441ms
[NX Daemon Server] - 2024-08-01T14:51:32.364Z - Done responding to the client project-graph
[NX Daemon Server] - 2024-08-01T14:51:32.364Z - Handled REQUEST_PROJECT_GRAPH. Handling time: 2. Response time: 0.
[NX Daemon Server] - 2024-08-01T14:51:32.379Z - [REQUEST]: Responding to the client. handleHashTasks
[NX Daemon Server] - 2024-08-01T14:51:32.379Z - Done responding to the client handleHashTasks
[NX Daemon Server] - 2024-08-01T14:51:32.379Z - Handled HASH_TASKS. Handling time: 3. Response time: 0.
[NX Daemon Server] - 2024-08-01T14:51:32.996Z - Established a connection. Number of open connections: 4
[NX Daemon Server] - 2024-08-01T14:51:32.998Z - Closed a connection. Number of open connections: 3
[NX Daemon Server] - 2024-08-01T14:51:33.000Z - Established a connection. Number of open connections: 4
[NX Daemon Server] - 2024-08-01T14:51:33.005Z - [REQUEST]: Client Request for Project Graph Received
[NX Daemon Server] - 2024-08-01T14:51:33.005Z - [REQUEST]: Responding to the client. project-graph
[NX Daemon Server] - 2024-08-01T14:51:33.007Z - Time taken for 'total for creating and serializing project graph' 0.9561000000685453ms
[NX Daemon Server] - 2024-08-01T14:51:33.007Z - Done responding to the client project-graph
[NX Daemon Server] - 2024-08-01T14:51:33.007Z - Handled REQUEST_PROJECT_GRAPH. Handling time: 1. Response time: 2.
[NX Daemon Server] - 2024-08-01T14:51:46.541Z - [WATCHER]: Processing file changes in outputs
[NX Daemon Server] - 2024-08-01T14:52:01.792Z - Closed a connection. Number of open connections: 3
[NX Daemon Server] - 2024-08-01T14:52:01.794Z - Closed a connection. Number of open connections: 2
[NX Daemon Server] - 2024-08-01T14:53:06.265Z - Established a connection. Number of open connections: 3
[NX Daemon Server] - 2024-08-01T14:53:06.266Z - Closed a connection. Number of open connections: 2
[NX Daemon Server] - 2024-08-01T14:53:06.267Z - Established a connection. Number of open connections: 3
[NX Daemon Server] - 2024-08-01T14:53:06.271Z - [REQUEST]: Client Request for Project Graph Received
[NX Daemon Server] - 2024-08-01T14:53:06.272Z - [REQUEST]: Responding to the client. project-graph
[NX Daemon Server] - 2024-08-01T14:53:06.272Z - Time taken for 'total for creating and serializing project graph' 0.8395999998319894ms
[NX Daemon Server] - 2024-08-01T14:53:06.274Z - Done responding to the client project-graph
[NX Daemon Server] - 2024-08-01T14:53:06.274Z - Handled REQUEST_PROJECT_GRAPH. Handling time: 1. Response time: 2.
[NX Daemon Server] - 2024-08-01T14:53:06.287Z - [REQUEST]: Responding to the client. handleHashTasks
[NX Daemon Server] - 2024-08-01T14:53:06.288Z - Done responding to the client handleHashTasks
[NX Daemon Server] - 2024-08-01T14:53:06.288Z - Handled HASH_TASKS. Handling time: 4. Response time: 1.
[NX Daemon Server] - 2024-08-01T14:53:06.785Z - Established a connection. Number of open connections: 4
[NX Daemon Server] - 2024-08-01T14:53:06.788Z - Closed a connection. Number of open connections: 3
[NX Daemon Server] - 2024-08-01T14:53:06.789Z - Established a connection. Number of open connections: 4
[NX Daemon Server] - 2024-08-01T14:53:06.794Z - [REQUEST]: Client Request for Project Graph Received
[NX Daemon Server] - 2024-08-01T14:53:06.794Z - [REQUEST]: Responding to the client. project-graph
[NX Daemon Server] - 2024-08-01T14:53:06.795Z - Time taken for 'total for creating and serializing project graph' 0.5677000000141561ms
[NX Daemon Server] - 2024-08-01T14:53:06.795Z - Done responding to the client project-graph
[NX Daemon Server] - 2024-08-01T14:53:06.795Z - Handled REQUEST_PROJECT_GRAPH. Handling time: 0. Response time: 1.
[NX Daemon Server] - 2024-08-01T14:53:20.317Z - [WATCHER]: Processing file changes in outputs
[NX Daemon Server] - 2024-08-01T14:53:32.406Z - Closed a connection. Number of open connections: 3
[NX Daemon Server] - 2024-08-01T14:53:32.407Z - Closed a connection. Number of open connections: 2
[NX Daemon Server] - 2024-08-01T14:55:44.798Z - [WATCHER]: Processing file changes in outputs
[NX Daemon Server] - 2024-08-01T14:56:19.777Z - [WATCHER]: Processing file changes in outputs
[NX Daemon Server] - 2024-08-01T14:56:19.781Z - [WATCHER]: apps/ha-hub/project.json was modified
[NX Daemon Server] - 2024-08-01T14:56:19.791Z - [REQUEST]: Responding to the client. File watch changed
[NX Daemon Server] - 2024-08-01T14:56:19.791Z - Time taken for 'changed-projects' 6.751599999843165ms
[NX Daemon Server] - 2024-08-01T14:56:19.791Z - Done responding to the client File watch changed
[NX Daemon Server] - 2024-08-01T14:56:19.791Z - Handled FILE-WATCH-CHANGED. Handling time: 1. Response time: 0.
[NX Daemon Server] - 2024-08-01T14:56:19.905Z - [REQUEST]: Updated workspace context based on watched changes, recomputing project graph...
[NX Daemon Server] - 2024-08-01T14:56:19.905Z - [REQUEST]: apps/ha-hub/project.json
[NX Daemon Server] - 2024-08-01T14:56:19.905Z - [REQUEST]: 
[NX Daemon Server] - 2024-08-01T14:56:19.932Z - Time taken for 'hash changed files from watcher' 9.035200000042096ms
[NX Daemon Server] - 2024-08-01T14:56:20.028Z - Time taken for 'build-project-configs' 67.4328000000678ms
[NX Daemon Server] - 2024-08-01T14:56:20.325Z - [REQUEST]: Client Request for Project Graph Received
[NX Daemon Server] - 2024-08-01T14:56:22.918Z - [REQUEST]: Responding to the client. project-graph
[NX Daemon Server] - 2024-08-01T14:56:22.918Z - Time taken for 'total execution time for createProjectGraph()' 2899.035699999891ms
[NX Daemon Server] - 2024-08-01T14:56:22.922Z - Done responding to the client project-graph
[NX Daemon Server] - 2024-08-01T14:56:22.922Z - Handled REQUEST_PROJECT_GRAPH. Handling time: 2593. Response time: 4.
[NX Daemon Server] - 2024-08-01T14:56:23.600Z - [WATCHER]: Processing file changes in outputs
[NX Daemon Server] - 2024-08-01T14:56:26.477Z - Established a connection. Number of open connections: 3
[NX Daemon Server] - 2024-08-01T14:56:26.477Z - Closed a connection. Number of open connections: 2
[NX Daemon Server] - 2024-08-01T14:56:26.478Z - Established a connection. Number of open connections: 3
[NX Daemon Server] - 2024-08-01T14:56:26.484Z - [REQUEST]: Client Request for Project Graph Received
[NX Daemon Server] - 2024-08-01T14:56:26.485Z - [REQUEST]: Responding to the client. project-graph
[NX Daemon Server] - 2024-08-01T14:56:26.485Z - Time taken for 'total for creating and serializing project graph' 0.6754999998956919ms
[NX Daemon Server] - 2024-08-01T14:56:26.485Z - Done responding to the client project-graph
[NX Daemon Server] - 2024-08-01T14:56:26.485Z - Handled REQUEST_PROJECT_GRAPH. Handling time: 1. Response time: 0.
[NX Daemon Server] - 2024-08-01T14:56:26.516Z - [REQUEST]: Responding to the client. handleHashTasks
[NX Daemon Server] - 2024-08-01T14:56:26.516Z - Done responding to the client handleHashTasks
[NX Daemon Server] - 2024-08-01T14:56:26.516Z - Handled HASH_TASKS. Handling time: 15. Response time: 0.
[NX Daemon Server] - 2024-08-01T14:56:27.088Z - Established a connection. Number of open connections: 4
[NX Daemon Server] - 2024-08-01T14:56:27.091Z - Closed a connection. Number of open connections: 3
[NX Daemon Server] - 2024-08-01T14:56:27.092Z - Established a connection. Number of open connections: 4
[NX Daemon Server] - 2024-08-01T14:56:27.098Z - [REQUEST]: Client Request for Project Graph Received
[NX Daemon Server] - 2024-08-01T14:56:27.099Z - [REQUEST]: Responding to the client. project-graph
[NX Daemon Server] - 2024-08-01T14:56:27.099Z - Time taken for 'total for creating and serializing project graph' 0.802299999864772ms
[NX Daemon Server] - 2024-08-01T14:56:27.099Z - Done responding to the client project-graph
[NX Daemon Server] - 2024-08-01T14:56:27.099Z - Handled REQUEST_PROJECT_GRAPH. Handling time: 1. Response time: 0.
[NX Daemon Server] - 2024-08-01T14:56:27.262Z - Closed a connection. Number of open connections: 3
[NX Daemon Server] - 2024-08-01T14:56:27.266Z - Closed a connection. Number of open connections: 2
[NX Daemon Server] - 2024-08-01T14:56:31.589Z - Established a connection. Number of open connections: 3
[NX Daemon Server] - 2024-08-01T14:56:31.590Z - Closed a connection. Number of open connections: 2
[NX Daemon Server] - 2024-08-01T14:56:31.591Z - Established a connection. Number of open connections: 3
[NX Daemon Server] - 2024-08-01T14:56:31.595Z - [REQUEST]: Client Request for Project Graph Received
[NX Daemon Server] - 2024-08-01T14:56:31.596Z - [REQUEST]: Responding to the client. project-graph
[NX Daemon Server] - 2024-08-01T14:56:31.596Z - Time taken for 'total for creating and serializing project graph' 0.8137000000569969ms
[NX Daemon Server] - 2024-08-01T14:56:31.597Z - Done responding to the client project-graph
[NX Daemon Server] - 2024-08-01T14:56:31.597Z - Handled REQUEST_PROJECT_GRAPH. Handling time: 1. Response time: 1.
[NX Daemon Server] - 2024-08-01T14:56:31.618Z - [REQUEST]: Responding to the client. handleHashTasks
[NX Daemon Server] - 2024-08-01T14:56:31.618Z - Done responding to the client handleHashTasks
[NX Daemon Server] - 2024-08-01T14:56:31.618Z - Handled HASH_TASKS. Handling time: 3. Response time: 0.
[NX Daemon Server] - 2024-08-01T14:56:31.941Z - [REQUEST]: Responding to the client. recordOutputsHash
[NX Daemon Server] - 2024-08-01T14:56:31.941Z - Done responding to the client recordOutputsHash
[NX Daemon Server] - 2024-08-01T14:56:31.941Z - Handled RECORD_OUTPUTS_HASH. Handling time: 0. Response time: 0.
[NX Daemon Server] - 2024-08-01T14:56:31.947Z - [REQUEST]: Responding to the client. handleWriteTaskRunsToHistory
[NX Daemon Server] - 2024-08-01T14:56:31.948Z - Done responding to the client handleWriteTaskRunsToHistory
[NX Daemon Server] - 2024-08-01T14:56:31.948Z - Handled WRITE_TASK_RUNS_TO_HISTORY. Handling time: 0. Response time: 1.
[NX Daemon Server] - 2024-08-01T14:56:31.950Z - [REQUEST]: Responding to the client. handleGetTaskHistoryForHashes
[NX Daemon Server] - 2024-08-01T14:56:31.950Z - Done responding to the client handleGetTaskHistoryForHashes
[NX Daemon Server] - 2024-08-01T14:56:31.950Z - Handled GET_TASK_HISTORY_FOR_HASHES. Handling time: 0. Response time: 0.
[NX Daemon Server] - 2024-08-01T14:56:31.953Z - Closed a connection. Number of open connections: 2
[NX Daemon Server] - 2024-08-01T14:57:09.280Z - [WATCHER]: Processing file changes in outputs
[NX Daemon Server] - 2024-08-02T07:36:28.078Z - Started listening on: \\.\pipe\nx\C:\Users\Valentin\AppData\Local\Temp\a7399597de8543c71d94\d.sock
[NX Daemon Server] - 2024-08-02T07:36:28.101Z - [WATCHER]: Subscribed to changes within: C:\Users\Valentin\Documents\monorepo-front (native)
[NX Daemon Server] - 2024-08-02T07:36:28.135Z - Established a connection. Number of open connections: 1
[NX Daemon Server] - 2024-08-02T07:36:28.145Z - Established a connection. Number of open connections: 2
[NX Daemon Server] - 2024-08-02T07:36:28.164Z - Closed a connection. Number of open connections: 1
[NX Daemon Server] - 2024-08-02T07:36:28.165Z - Established a connection. Number of open connections: 2
[NX Daemon Server] - 2024-08-02T07:36:28.171Z - [REQUEST]: Client Request for Project Graph Received
[NX Daemon Server] - 2024-08-02T07:36:28.220Z - Closed a connection. Number of open connections: 1
[NX Daemon Server] - 2024-08-02T07:36:28.223Z - Established a connection. Number of open connections: 2
[NX Daemon Server] - 2024-08-02T07:36:28.235Z - [REQUEST]: Client Request for Project Graph Received
node:events:498
      throw er; // Unhandled 'error' event
      ^

Error: listen EADDRINUSE: address already in use \\.\pipe\nx\C:\Users\Valentin\AppData\Local\Temp\a7399597de8543c71d94\d.sock
[90m    at Server.setupListenHandle [as _listen2] (node:net:1880:21)[39m
[90m    at listenInCluster (node:net:1959:12)[39m
[90m    at Server.listen (node:net:2078:5)[39m
    at [90mC:\Users\Valentin\Documents\monorepo-front\[39mnode_modules\[4mnx[24m\src\daemon\server\server.js:316:20
    at new Promise (<anonymous>)
    at startServer [90m(C:\Users\Valentin\Documents\monorepo-front\[39mnode_modules\[4mnx[24m\src\daemon\server\server.js:314:12[90m)[39m
    at async [90mC:\Users\Valentin\Documents\monorepo-front\[39mnode_modules\[4mnx[24m\src\daemon\server\start.js:8:9
Emitted 'error' event on Server instance at:
[90m    at emitErrorNT (node:net:1938:8)[39m
[90m    at process.processTicksAndRejections (node:internal/process/task_queues:82:21)[39m {
  code: [32m'EADDRINUSE'[39m,
  errno: [33m-4091[39m,
  syscall: [32m'listen'[39m,
  address: [32m'\\\\.\\pipe\\nx\\C:\\Users\\Valentin\\AppData\\Local\\Temp\\a7399597de8543c71d94\\d.sock'[39m,
  port: [33m-1[39m
}

Node.js v22.5.1
[NX Daemon Server] - 2024-08-02T07:36:32.268Z - [REQUEST]: Updated workspace context based on watched changes, recomputing project graph...
[NX Daemon Server] - 2024-08-02T07:36:32.268Z - [REQUEST]: 
[NX Daemon Server] - 2024-08-02T07:36:32.268Z - [REQUEST]: 
[NX Daemon Server] - 2024-08-02T07:36:32.329Z - Time taken for 'loadNxPlugins' 3897.6567000000005ms
[NX Daemon Server] - 2024-08-02T07:36:32.345Z - Time taken for 'loadNxPlugins' 4109.2721ms
[NX Daemon Server] - 2024-08-02T07:36:33.764Z - Time taken for 'build-project-configs' 125.63510000000042ms
[NX Daemon Server] - 2024-08-02T07:36:33.834Z - [REQUEST]: Responding to the client. project-graph
[NX Daemon Server] - 2024-08-02T07:36:33.841Z - [REQUEST]: Responding to the client. project-graph
[NX Daemon Server] - 2024-08-02T07:36:33.853Z - Time taken for 'total for creating and serializing project graph' 5599.3775000000005ms
[NX Daemon Server] - 2024-08-02T07:36:33.854Z - Done responding to the client project-graph
[NX Daemon Server] - 2024-08-02T07:36:33.854Z - Handled REQUEST_PROJECT_GRAPH. Handling time: 5664. Response time: 20.
[NX Daemon Server] - 2024-08-02T07:36:33.854Z - Done responding to the client project-graph
[NX Daemon Server] - 2024-08-02T07:36:33.854Z - Handled REQUEST_PROJECT_GRAPH. Handling time: 5606. Response time: 14.
[NX Daemon Server] - 2024-08-02T07:36:33.895Z - [REQUEST]: Responding to the client. handleContextFileData
[NX Daemon Server] - 2024-08-02T07:36:33.903Z - [REQUEST]: Client Request for Project Graph Received
[NX Daemon Server] - 2024-08-02T07:36:33.904Z - [REQUEST]: Responding to the client. project-graph
[NX Daemon Server] - 2024-08-02T07:36:33.906Z - Time taken for 'total for creating and serializing project graph' 1.1194000000014057ms
[NX Daemon Server] - 2024-08-02T07:36:33.906Z - Done responding to the client handleContextFileData
[NX Daemon Server] - 2024-08-02T07:36:33.907Z - Handled GET_CONTEXT_FILE_DATA. Handling time: 34. Response time: 12.
[NX Daemon Server] - 2024-08-02T07:36:33.907Z - Done responding to the client project-graph
[NX Daemon Server] - 2024-08-02T07:36:33.908Z - Handled REQUEST_PROJECT_GRAPH. Handling time: 1. Response time: 4.
[NX Daemon Server] - 2024-08-02T07:36:33.916Z - Established a connection. Number of open connections: 3
[NX Daemon Server] - 2024-08-02T07:36:33.924Z - [REQUEST]: Client Request for Project Graph Received
[NX Daemon Server] - 2024-08-02T07:36:33.925Z - [REQUEST]: Responding to the client. project-graph
[NX Daemon Server] - 2024-08-02T07:36:33.926Z - Time taken for 'total for creating and serializing project graph' 1.0340999999989435ms
[NX Daemon Server] - 2024-08-02T07:36:33.927Z - Done responding to the client project-graph
[NX Daemon Server] - 2024-08-02T07:36:33.927Z - Handled REQUEST_PROJECT_GRAPH. Handling time: 1. Response time: 2.
[NX Daemon Server] - 2024-08-02T07:36:33.969Z - Closed a connection. Number of open connections: 2
[NX Daemon Server] - 2024-08-02T07:36:39.923Z - Established a connection. Number of open connections: 3
[NX Daemon Server] - 2024-08-02T07:36:39.925Z - Closed a connection. Number of open connections: 2
[NX Daemon Server] - 2024-08-02T07:36:39.927Z - Established a connection. Number of open connections: 3
[NX Daemon Server] - 2024-08-02T07:36:39.938Z - [REQUEST]: Client Request for Project Graph Received
[NX Daemon Server] - 2024-08-02T07:36:39.941Z - [REQUEST]: Responding to the client. project-graph
[NX Daemon Server] - 2024-08-02T07:36:39.942Z - Time taken for 'total for creating and serializing project graph' 2.7427999999999884ms
[NX Daemon Server] - 2024-08-02T07:36:40.005Z - Done responding to the client project-graph
[NX Daemon Server] - 2024-08-02T07:36:40.005Z - Handled REQUEST_PROJECT_GRAPH. Handling time: 3. Response time: 64.
[NX Daemon Server] - 2024-08-02T07:36:40.319Z - [REQUEST]: Responding to the client. handleHashTasks
[NX Daemon Server] - 2024-08-02T07:36:40.321Z - [WATCHER]: Processing file changes in outputs
[NX Daemon Server] - 2024-08-02T07:36:40.322Z - Done responding to the client handleHashTasks
[NX Daemon Server] - 2024-08-02T07:36:40.322Z - Handled HASH_TASKS. Handling time: 117. Response time: 3.
[NX Daemon Server] - 2024-08-02T07:36:48.567Z - [REQUEST]: Responding to the client. recordOutputsHash
[NX Daemon Server] - 2024-08-02T07:36:48.568Z - Done responding to the client recordOutputsHash
[NX Daemon Server] - 2024-08-02T07:36:48.568Z - Handled RECORD_OUTPUTS_HASH. Handling time: 2. Response time: 1.
[NX Daemon Server] - 2024-08-02T07:36:48.718Z - [REQUEST]: Responding to the client. handleWriteTaskRunsToHistory
[NX Daemon Server] - 2024-08-02T07:36:48.718Z - Done responding to the client handleWriteTaskRunsToHistory
[NX Daemon Server] - 2024-08-02T07:36:48.719Z - Handled WRITE_TASK_RUNS_TO_HISTORY. Handling time: 10. Response time: 1.
[NX Daemon Server] - 2024-08-02T07:36:48.727Z - [REQUEST]: Responding to the client. handleGetTaskHistoryForHashes
[NX Daemon Server] - 2024-08-02T07:36:48.728Z - Done responding to the client handleGetTaskHistoryForHashes
[NX Daemon Server] - 2024-08-02T07:36:48.728Z - Handled GET_TASK_HISTORY_FOR_HASHES. Handling time: 0. Response time: 1.
[NX Daemon Server] - 2024-08-02T07:36:50.137Z - Closed a connection. Number of open connections: 2
[NX Daemon Server] - 2024-08-02T07:37:02.941Z - Established a connection. Number of open connections: 3
[NX Daemon Server] - 2024-08-02T07:37:02.941Z - Closed a connection. Number of open connections: 2
[NX Daemon Server] - 2024-08-02T07:37:02.943Z - Established a connection. Number of open connections: 3
[NX Daemon Server] - 2024-08-02T07:37:02.961Z - [REQUEST]: Client Request for Project Graph Received
[NX Daemon Server] - 2024-08-02T07:37:02.962Z - [REQUEST]: Responding to the client. project-graph
[NX Daemon Server] - 2024-08-02T07:37:02.964Z - Time taken for 'total for creating and serializing project graph' 1.1877000000022235ms
[NX Daemon Server] - 2024-08-02T07:37:02.971Z - Done responding to the client project-graph
[NX Daemon Server] - 2024-08-02T07:37:02.971Z - Handled REQUEST_PROJECT_GRAPH. Handling time: 1. Response time: 9.
[NX Daemon Server] - 2024-08-02T07:37:03.027Z - [REQUEST]: Responding to the client. handleHashTasks
[NX Daemon Server] - 2024-08-02T07:37:03.028Z - Done responding to the client handleHashTasks
[NX Daemon Server] - 2024-08-02T07:37:03.028Z - Handled HASH_TASKS. Handling time: 7. Response time: 1.
[NX Daemon Server] - 2024-08-02T07:37:04.060Z - [REQUEST]: Responding to the client. recordOutputsHash
[NX Daemon Server] - 2024-08-02T07:37:04.060Z - Done responding to the client recordOutputsHash
[NX Daemon Server] - 2024-08-02T07:37:04.061Z - Handled RECORD_OUTPUTS_HASH. Handling time: 0. Response time: 1.
[NX Daemon Server] - 2024-08-02T07:37:04.072Z - [REQUEST]: Responding to the client. handleWriteTaskRunsToHistory
[NX Daemon Server] - 2024-08-02T07:37:04.072Z - Done responding to the client handleWriteTaskRunsToHistory
[NX Daemon Server] - 2024-08-02T07:37:04.073Z - Handled WRITE_TASK_RUNS_TO_HISTORY. Handling time: 1. Response time: 1.
[NX Daemon Server] - 2024-08-02T07:37:04.076Z - [REQUEST]: Responding to the client. handleGetTaskHistoryForHashes
[NX Daemon Server] - 2024-08-02T07:37:04.076Z - Done responding to the client handleGetTaskHistoryForHashes
[NX Daemon Server] - 2024-08-02T07:37:04.077Z - Handled GET_TASK_HISTORY_FOR_HASHES. Handling time: 0. Response time: 1.
[NX Daemon Server] - 2024-08-02T07:37:04.092Z - Closed a connection. Number of open connections: 2
[NX Daemon Server] - 2024-08-02T07:38:20.440Z - [WATCHER]: apps/ha-hub/project.json was modified
[NX Daemon Server] - 2024-08-02T07:38:20.444Z - [REQUEST]: Responding to the client. File watch changed
[NX Daemon Server] - 2024-08-02T07:38:20.445Z - [WATCHER]: Processing file changes in outputs
[NX Daemon Server] - 2024-08-02T07:38:20.445Z - Time taken for 'changed-projects' 2.258400000006077ms
[NX Daemon Server] - 2024-08-02T07:38:20.445Z - Done responding to the client File watch changed
[NX Daemon Server] - 2024-08-02T07:38:20.445Z - Handled FILE-WATCH-CHANGED. Handling time: 0. Response time: 1.
[NX Daemon Server] - 2024-08-02T07:38:20.575Z - [REQUEST]: Updated workspace context based on watched changes, recomputing project graph...
[NX Daemon Server] - 2024-08-02T07:38:20.575Z - [REQUEST]: apps/ha-hub/project.json
[NX Daemon Server] - 2024-08-02T07:38:20.575Z - [REQUEST]: 
[NX Daemon Server] - 2024-08-02T07:38:20.608Z - Time taken for 'hash changed files from watcher' 14.936600000000908ms
[NX Daemon Server] - 2024-08-02T07:38:20.872Z - Time taken for 'build-project-configs' 156.55539999999746ms
[NX Daemon Server] - 2024-08-02T07:38:21.048Z - [REQUEST]: Client Request for Project Graph Received
[NX Daemon Server] - 2024-08-02T07:38:21.462Z - [WATCHER]: Processing file changes in outputs
[NX Daemon Server] - 2024-08-02T07:38:21.507Z - Established a connection. Number of open connections: 3
[NX Daemon Server] - 2024-08-02T07:38:21.507Z - Closed a connection. Number of open connections: 2
[NX Daemon Server] - 2024-08-02T07:38:21.508Z - Established a connection. Number of open connections: 3
[NX Daemon Server] - 2024-08-02T07:38:21.512Z - [REQUEST]: Client Request for Project Graph Received
[NX Daemon Server] - 2024-08-02T07:38:27.887Z - [REQUEST]: Responding to the client. project-graph
[NX Daemon Server] - 2024-08-02T07:38:27.889Z - [REQUEST]: Responding to the client. project-graph
[NX Daemon Server] - 2024-08-02T07:38:27.891Z - Time taken for 'total execution time for createProjectGraph()' 7035.754000000001ms
[NX Daemon Server] - 2024-08-02T07:38:27.891Z - Done responding to the client project-graph
[NX Daemon Server] - 2024-08-02T07:38:27.891Z - Handled REQUEST_PROJECT_GRAPH. Handling time: 6839. Response time: 4.
[NX Daemon Server] - 2024-08-02T07:38:27.892Z - Done responding to the client project-graph
[NX Daemon Server] - 2024-08-02T07:38:27.892Z - Handled REQUEST_PROJECT_GRAPH. Handling time: 6378. Response time: 3.
[NX Daemon Server] - 2024-08-02T07:38:27.923Z - [REQUEST]: Responding to the client. handleContextFileData
[NX Daemon Server] - 2024-08-02T07:38:27.925Z - Done responding to the client handleContextFileData
[NX Daemon Server] - 2024-08-02T07:38:27.925Z - Handled GET_CONTEXT_FILE_DATA. Handling time: 15. Response time: 2.
[NX Daemon Server] - 2024-08-02T07:38:27.950Z - Closed a connection. Number of open connections: 2
[NX Daemon Server] - 2024-08-02T07:38:31.100Z - Established a connection. Number of open connections: 3
[NX Daemon Server] - 2024-08-02T07:38:31.101Z - Closed a connection. Number of open connections: 2
[NX Daemon Server] - 2024-08-02T07:38:31.103Z - Established a connection. Number of open connections: 3
[NX Daemon Server] - 2024-08-02T07:38:31.110Z - [REQUEST]: Client Request for Project Graph Received
[NX Daemon Server] - 2024-08-02T07:38:31.112Z - [REQUEST]: Responding to the client. project-graph
[NX Daemon Server] - 2024-08-02T07:38:31.113Z - Time taken for 'total for creating and serializing project graph' 1.137799999996787ms
[NX Daemon Server] - 2024-08-02T07:38:31.114Z - Done responding to the client project-graph
[NX Daemon Server] - 2024-08-02T07:38:31.114Z - Handled REQUEST_PROJECT_GRAPH. Handling time: 2. Response time: 2.
[NX Daemon Server] - 2024-08-02T07:38:31.173Z - [REQUEST]: Responding to the client. handleHashTasks
[NX Daemon Server] - 2024-08-02T07:38:31.174Z - Done responding to the client handleHashTasks
[NX Daemon Server] - 2024-08-02T07:38:31.174Z - Handled HASH_TASKS. Handling time: 34. Response time: 1.
[NX Daemon Server] - 2024-08-02T07:38:32.306Z - Established a connection. Number of open connections: 4
[NX Daemon Server] - 2024-08-02T07:38:32.307Z - Closed a connection. Number of open connections: 3
[NX Daemon Server] - 2024-08-02T07:38:32.309Z - Established a connection. Number of open connections: 4
[NX Daemon Server] - 2024-08-02T07:38:32.313Z - [REQUEST]: Client Request for Project Graph Received
[NX Daemon Server] - 2024-08-02T07:38:32.314Z - [REQUEST]: Responding to the client. project-graph
[NX Daemon Server] - 2024-08-02T07:38:32.315Z - Time taken for 'total for creating and serializing project graph' 0.5359000000025844ms
[NX Daemon Server] - 2024-08-02T07:38:32.315Z - Done responding to the client project-graph
[NX Daemon Server] - 2024-08-02T07:38:32.315Z - Handled REQUEST_PROJECT_GRAPH. Handling time: 1. Response time: 1.
[NX Daemon Server] - 2024-08-02T07:39:18.058Z - [WATCHER]: Processing file changes in outputs
[NX Daemon Server] - 2024-08-02T07:55:01.458Z - [WATCHER]: Processing file changes in outputs
[NX Daemon Server] - 2024-08-02T08:09:58.628Z - [WATCHER]: Processing file changes in outputs
[NX Daemon Server] - 2024-08-02T08:17:59.326Z - [WATCHER]: Processing file changes in outputs
[NX Daemon Server] - 2024-08-02T09:24:31.087Z - Closed a connection. Number of open connections: 3
[NX Daemon Server] - 2024-08-02T09:24:31.089Z - Closed a connection. Number of open connections: 2
[NX Daemon Server] - 2024-08-02T09:24:38.035Z - [WATCHER]: Processing file changes in outputs
[NX Daemon Server] - 2024-08-02T09:54:49.887Z - [WATCHER]: Processing file changes in outputs
[NX Daemon Server] - 2024-08-02T10:25:16.961Z - [WATCHER]: Processing file changes in outputs
[NX Daemon Server] - 2024-08-02T10:38:32.354Z - There are 2 open connections. Reset inactivity timer.
[NX Daemon Server] - 2024-08-02T10:42:48.558Z - Established a connection. Number of open connections: 3
[NX Daemon Server] - 2024-08-02T10:42:48.564Z - Closed a connection. Number of open connections: 2
[NX Daemon Server] - 2024-08-02T10:42:48.566Z - Established a connection. Number of open connections: 3
[NX Daemon Server] - 2024-08-02T10:42:48.600Z - [REQUEST]: Client Request for Project Graph Received
[NX Daemon Server] - 2024-08-02T10:42:48.608Z - [REQUEST]: Responding to the client. project-graph
[NX Daemon Server] - 2024-08-02T10:42:48.613Z - Time taken for 'total for creating and serializing project graph' 8.03720000013709ms
[NX Daemon Server] - 2024-08-02T10:42:48.613Z - Done responding to the client project-graph
[NX Daemon Server] - 2024-08-02T10:42:48.613Z - Handled REQUEST_PROJECT_GRAPH. Handling time: 9. Response time: 5.
[NX Daemon Server] - 2024-08-02T10:42:48.681Z - [REQUEST]: Responding to the client. handleHashTasks
[NX Daemon Server] - 2024-08-02T10:42:48.681Z - Done responding to the client handleHashTasks
[NX Daemon Server] - 2024-08-02T10:42:48.681Z - Handled HASH_TASKS. Handling time: 51. Response time: 0.
[NX Daemon Server] - 2024-08-02T10:42:49.826Z - Established a connection. Number of open connections: 4
[NX Daemon Server] - 2024-08-02T10:42:49.826Z - Closed a connection. Number of open connections: 3
[NX Daemon Server] - 2024-08-02T10:42:49.828Z - Established a connection. Number of open connections: 4
[NX Daemon Server] - 2024-08-02T10:42:49.831Z - [REQUEST]: Client Request for Project Graph Received
[NX Daemon Server] - 2024-08-02T10:42:49.832Z - [REQUEST]: Responding to the client. project-graph
[NX Daemon Server] - 2024-08-02T10:42:49.833Z - Time taken for 'total for creating and serializing project graph' 0.6167000010609627ms
[NX Daemon Server] - 2024-08-02T10:42:49.834Z - Done responding to the client project-graph
[NX Daemon Server] - 2024-08-02T10:42:49.834Z - Handled REQUEST_PROJECT_GRAPH. Handling time: 1. Response time: 2.
[NX Daemon Server] - 2024-08-02T10:42:54.804Z - [WATCHER]: Processing file changes in outputs
[NX Daemon Server] - 2024-08-02T10:43:16.850Z - [WATCHER]: Processing file changes in outputs
[NX Daemon Server] - 2024-08-02T10:44:16.946Z - Closed a connection. Number of open connections: 3
[NX Daemon Server] - 2024-08-02T10:44:16.948Z - Closed a connection. Number of open connections: 2
[NX Daemon Server] - 2024-08-02T10:49:30.881Z - [WATCHER]: Processing file changes in outputs
[NX Daemon Server] - 2024-08-02T10:50:26.612Z - [WATCHER]: Processing file changes in outputs
[NX Daemon Server] - 2024-08-02T10:50:26.631Z - [WATCHER]: package.json was modified
[NX Daemon Server] - 2024-08-02T10:50:26.706Z - [REQUEST]: Responding to the client. File watch changed
[NX Daemon Server] - 2024-08-02T10:50:26.707Z - Time taken for 'changed-projects' 66.49940000101924ms
[NX Daemon Server] - 2024-08-02T10:50:26.707Z - Done responding to the client File watch changed
[NX Daemon Server] - 2024-08-02T10:50:26.707Z - Handled FILE-WATCH-CHANGED. Handling time: 0. Response time: 1.
[NX Daemon Server] - 2024-08-02T10:50:26.775Z - [REQUEST]: Updated workspace context based on watched changes, recomputing project graph...
[NX Daemon Server] - 2024-08-02T10:50:26.778Z - [REQUEST]: package.json
[NX Daemon Server] - 2024-08-02T10:50:26.778Z - [REQUEST]: 
[NX Daemon Server] - 2024-08-02T10:50:26.834Z - Time taken for 'hash changed files from watcher' 29.09029999934137ms
[NX Daemon Server] - 2024-08-02T10:50:27.282Z - Time taken for 'build-project-configs' 350.4845000002533ms
[NX Daemon Server] - 2024-08-02T10:50:27.284Z - [REQUEST]: Client Request for Project Graph Received
[NX Daemon Server] - 2024-08-02T10:50:27.463Z - [REQUEST]: Responding to the client. project-graph
[NX Daemon Server] - 2024-08-02T10:50:27.466Z - Time taken for 'total execution time for createProjectGraph()' 160.96429999917746ms
[NX Daemon Server] - 2024-08-02T10:50:27.466Z - Done responding to the client project-graph
[NX Daemon Server] - 2024-08-02T10:50:27.466Z - Handled REQUEST_PROJECT_GRAPH. Handling time: 179. Response time: 3.
[NX Daemon Server] - 2024-08-02T10:50:27.691Z - Established a connection. Number of open connections: 3
[NX Daemon Server] - 2024-08-02T10:50:27.692Z - Closed a connection. Number of open connections: 2
[NX Daemon Server] - 2024-08-02T10:50:27.692Z - Established a connection. Number of open connections: 3
[NX Daemon Server] - 2024-08-02T10:50:27.698Z - [REQUEST]: Client Request for Project Graph Received
[NX Daemon Server] - 2024-08-02T10:50:27.699Z - [REQUEST]: Responding to the client. project-graph
[NX Daemon Server] - 2024-08-02T10:50:27.702Z - Time taken for 'total for creating and serializing project graph' 0.8682000003755093ms
[NX Daemon Server] - 2024-08-02T10:50:27.702Z - Done responding to the client project-graph
[NX Daemon Server] - 2024-08-02T10:50:27.703Z - Handled REQUEST_PROJECT_GRAPH. Handling time: 1. Response time: 4.
[NX Daemon Server] - 2024-08-02T10:50:27.786Z - [REQUEST]: Responding to the client. handleContextFileData
[NX Daemon Server] - 2024-08-02T10:50:27.789Z - Done responding to the client handleContextFileData
[NX Daemon Server] - 2024-08-02T10:50:27.789Z - Handled GET_CONTEXT_FILE_DATA. Handling time: 27. Response time: 3.
[NX Daemon Server] - 2024-08-02T10:50:27.827Z - Closed a connection. Number of open connections: 2
[NX Daemon Server] - 2024-08-02T10:51:09.795Z - [WATCHER]: Processing file changes in outputs
[NX Daemon Server] - 2024-08-02T10:51:31.795Z - [WATCHER]: Processing file changes in outputs
[NX Daemon Server] - 2024-08-02T10:51:31.807Z - [WATCHER]: Stopping the watcher for C:\Users\Valentin\Documents\monorepo-front (sources)
[NX Daemon Server] - 2024-08-02T10:51:31.808Z - [WATCHER]: Stopping the watcher for C:\Users\Valentin\Documents\monorepo-front (outputs)
[NX Daemon Server] - 2024-08-02T10:51:31.809Z - Server stopped because: "LOCK_FILES_CHANGED"
[NX Daemon Server] - 2024-08-02T10:51:31.811Z - [WATCHER]: Unexpected workspace error kill EPERM
Error: kill EPERM
    at ChildProcess.kill (node:internal/child_process:512:26)
    at shutdownPluginWorker (C:\Users\Valentin\Documents\monorepo-front\node_modules\nx\src\project-graph\plugins\isolation\plugin-pool.js:55:12)
    at cleanupFunction (C:\Users\Valentin\Documents\monorepo-front\node_modules\nx\src\project-graph\plugins\isolation\plugin-pool.js:29:9)
    at process.exitHandler (C:\Users\Valentin\Documents\monorepo-front\node_modules\nx\src\project-graph\plugins\isolation\plugin-pool.js:185:9)
    at process.emit (node:events:532:35)
    at process.emit (C:\Users\Valentin\Documents\monorepo-front\node_modules\nx\src\native\index.js:20:23)
    at process.exit (node:internal/process/per_thread:183:15)
    at handleServerProcessTermination (C:\Users\Valentin\Documents\monorepo-front\node_modules\nx\src\daemon\server\shutdown-utils.js:49:17)
    at async handleWorkspaceChanges (C:\Users\Valentin\Documents\monorepo-front\node_modules\nx\src\daemon\server\server.js:235:13) {
  errno: -4048,
  code: 'EPERM',
  syscall: 'kill'
}
node:events:498
      throw er; // Unhandled 'error' event
      ^

Error: listen EADDRINUSE: address already in use \\.\pipe\nx\C:\Users\Valentin\AppData\Local\Temp\a7399597de8543c71d94\d.sock
    at Server.setupListenHandle [as _listen2] (node:net:1880:21)
    at listenInCluster (node:net:1959:12)
    at Server.listen (node:net:2078:5)
    at C:\Users\Valentin\Documents\monorepo-front\node_modules\nx\src\daemon\server\server.js:316:20
    at new Promise (<anonymous>)
    at startServer (C:\Users\Valentin\Documents\monorepo-front\node_modules\nx\src\daemon\server\server.js:314:12)
    at async C:\Users\Valentin\Documents\monorepo-front\node_modules\nx\src\daemon\server\start.js:8:9
Emitted 'error' event on Server instance at:
    at emitErrorNT (node:net:1938:8)
    at process.processTicksAndRejections (node:internal/process/task_queues:82:21) {
  code: 'EADDRINUSE',
  errno: -4091,
  syscall: 'listen',
  address: '\\\\.\\pipe\\nx\\C:\\Users\\Valentin\\AppData\\Local\\Temp\\a7399597de8543c71d94\\d.sock',
  port: -1
}

Node.js v22.5.1
node:events:498
      throw er; // Unhandled 'error' event
      ^

Error: listen EADDRINUSE: address already in use \\.\pipe\nx\C:\Users\Valentin\AppData\Local\Temp\a7399597de8543c71d94\d.sock
    at Server.setupListenHandle [as _listen2] (node:net:1880:21)
    at listenInCluster (node:net:1959:12)
    at Server.listen (node:net:2078:5)
    at C:\Users\Valentin\Documents\monorepo-front\node_modules\nx\src\daemon\server\server.js:316:20
    at new Promise (<anonymous>)
    at startServer (C:\Users\Valentin\Documents\monorepo-front\node_modules\nx\src\daemon\server\server.js:314:12)
    at async C:\Users\Valentin\Documents\monorepo-front\node_modules\nx\src\daemon\server\start.js:8:9
Emitted 'error' event on Server instance at:
    at emitErrorNT (node:net:1938:8)
    at process.processTicksAndRejections (node:internal/process/task_queues:82:21) {
  code: 'EADDRINUSE',
  errno: -4091,
  syscall: 'listen',
  address: '\\\\.\\pipe\\nx\\C:\\Users\\Valentin\\AppData\\Local\\Temp\\a7399597de8543c71d94\\d.sock',
  port: -1
}

Node.js v22.5.1
[NX Daemon Server] - 2024-08-02T13:51:26.563Z - There are 2 open connections. Reset inactivity timer.
